"","State.diff","State.lwr","State.upr","State.p.adj"
"AL-AK",-4.10155325624106,-5.05885455830462,-3.1442519541775,0
"AR-AK",-3.28864084451745,-4.31194643461045,-2.26533525442444,0
"AZ-AK",-0.550798431232465,-1.49251426848449,0.390917406019563,0.979841664492076
"CA-AK",1.31547329659665,0.449046575654252,2.18190001753905,1.70736700799701e-06
"CO-AK",0.550412947821258,-0.409338114090127,1.51016400973264,0.985557901262203
"CT-AK",1.18586431258545,0.188224097427836,2.18350452774307,0.00220825155182947
"DC-AK",-2.50766175267194,-3.92819890502791,-1.08712460031597,2.40595499079177e-09
"DE-AK",-1.12160114660844,-2.46397963933066,0.220777346113778,0.341006887184488
"FL-AK",-0.540660157771043,-1.42331464169117,0.341994326149081,0.958487836352758
"GA-AK",-2.30071528688435,-3.21873598058207,-1.38269459318664,3.98236998933044e-13
"HI-AK",2.39935307647617,1.18265318001785,3.61605297293449,5.42277334147911e-12
"IA-AK",0.148243920609033,-0.846820782795807,1.14330862401387,1
"ID-AK",0.170123795116979,-1.04221103297913,1.38245862321309,1
"IL-AK",-0.750072914647504,-1.64197575540926,0.141829926114254,0.324753414723781
"IN-AK",-2.15005197506035,-3.08300705011018,-1.21709690001052,5.77538017410006e-13
"KS-AK",-0.864641508735332,-1.87357386361121,0.144290846140551,0.27955758529635
"KY-AK",-3.35113862667808,-4.31385941494891,-2.38841783840725,0
"LA-AK",-3.54286556452341,-4.5057900724937,-2.57994105655312,0
"MA-AK",1.42470512419879,0.488371322230924,2.36103892616667,1.57398236011463e-06
"MD-AK",-0.216154979871362,-1.15766945508144,0.725359495338718,1
"MI-AK",-1.57553279461501,-2.47277848676525,-0.678287102464779,3.13722381406478e-09
"MN-AK",1.55337097080525,0.610150932199394,2.4965910094111,6.3188550170068e-08
"MO-AK",-1.95848439487199,-2.89893971180832,-1.01802907793565,6.61914967281518e-13
"MS-AK",-3.8885991776296,-4.91867523678564,-2.85852311847357,0
"MT-AK",-0.0967170111346292,-1.34596832609434,1.15253430382509,1
"NC-AK",-1.51863541624246,-2.43007220443691,-0.607198628048011,3.76393483048076e-08
"ND-AK",0.481382536376358,-0.867168994651875,1.82993406740459,0.999999932897325
"NE-AK",0.111367089975246,-0.961731652356592,1.18446583230708,1
"NH-AK",1.04048782824761,-0.176212068210713,2.25718772470593,0.284481798685109
"NJ-AK",0.675104279750286,-0.238813652526114,1.58902221202669,0.670074661418869
"NM-AK",-0.368787293792522,-1.45736070191198,0.719786114326934,0.999999988608705
"NV-AK",-1.36638229138774,-2.40665184270048,-0.326112740074996,0.000184447840841595
"NY-AK",1.41133432200338,0.534255017672567,2.2884136263342,1.70948247224523e-07
"OH-AK",-2.34844097344876,-3.24251848369512,-1.4543634632024,4.6251891205884e-13
"OK-AK",-3.04520754357411,-4.01370069108494,-2.07671439606327,0
"OR-AK",0.172357548624291,-0.824933967726184,1.16964906497477,1
"PA-AK",-0.85472354708277,-1.74473248666146,0.0352853924959243,0.0858697583313863
"RI-AK",0.169727316595427,-1.12512956344917,1.46458419664002,1
"SC-AK",-2.35227924388742,-3.31781397347396,-1.38674451430088,5.82422998718357e-13
"SD-AK",0.872019268064705,-0.449022813006109,2.19306134913552,0.888348467518108
"TN-AK",-3.38521509675989,-4.32349921190988,-2.44693098160991,0
"TX-AK",-1.05155667985457,-1.92771341083648,-0.175399948872662,0.00177864087543567
"UT-AK",0.45087736990105,-0.607945649029742,1.50970038883184,0.999984545041893
"VA-AK",-0.588861883472475,-1.51104427335654,0.333320506411593,0.926035277403918
"VT-AK",2.10674517373889,0.712511604038099,3.50097874343967,2.0388442453223e-06
"WA-AK",0.759860919307314,-0.177315431821704,1.69703727043633,0.419665110747541
"WV-AK",-3.2245341165645,-4.31082950218256,-2.13823873094644,0
"WY-AK",1.24547640860611,-0.346377737604961,2.83733055481718,0.517170411433367
"AR-AL",0.812912411723616,0.0924417924710861,1.53338303097615,0.00655261646710892
"AZ-AL",3.5507548250086,2.95179547695414,4.14971417306305,0
"CA-AL",5.41702655283771,4.94520153733565,5.88885156833978,0
"CO-AL",4.65196620406232,4.02503264830816,5.27889975981648,0
"CT-AL",5.28741756882651,4.60389026038137,5.97094487727166,0
"DC-AL",1.59389150356913,0.373297638389502,2.81448536874875,0.000216624433112989
"DE-AL",2.97995210963262,1.85127872897119,4.10862549029405,4.90385509976932e-13
"FL-AL",3.56089309847002,3.05989158103237,4.06189461590767,0
"GA-AL",1.80083796935671,1.23986954194946,2.36180639676395,0
"HI-AL",6.50090633271724,5.52505684609944,7.47675581933503,0
"IA-AL",4.24979717685009,3.57003446350617,4.92955989019402,0
"ID-AL",4.27167705135804,3.30127542424412,5.24207867847196,0
"IL-AL",3.35148034159356,2.83435921472924,3.86860146845787,0
"IN-AL",1.95150128118071,1.36641260879697,2.53658995356445,0
"KS-AL",3.23691174750573,2.53700598298745,3.93681751202401,0
"KY-AL",0.750414629562982,0.118944203763537,1.38188505536243,0.00222100142266513
"LA-AL",0.558687691717651,-0.0730932755014829,1.19046865893679,0.211888334272232
"MA-AL",5.52625838043986,4.93579705977767,6.11671970110204,0
"MD-AL",3.8853982763697,3.2867555703082,4.4840409824312,0
"MI-AL",2.52602046162605,1.99973782408925,3.05230309916284,0
"MN-AL",5.65492422704631,5.05360266272473,6.25624579136789,0
"MO-AL",2.14306886136907,1.54609332950503,2.74004439323311,0
"MS-AL",0.21295407861146,-0.517100898864177,0.943009056087098,0.99999999994973
"MT-AL",4.00483624510643,2.98869037446624,5.02098211574662,0
"NC-AL",2.5829178399986,2.03279003542521,3.13304564457199,0
"ND-AL",4.58293579261742,3.44692751169288,5.71894407354196,0
"NE-AL",4.21292034621631,3.42332266810124,5.00251802433137,0
"NH-AL",5.14204108448867,4.16619159787087,6.11789057110646,0
"NJ-AL",4.77665753599135,4.22242872996725,5.33088634201545,0
"NM-AL",3.73276596244854,2.92226263280989,4.54326929208719,0
"NV-AL",2.73517096485332,1.99080256017797,3.47953936952868,0
"NY-AL",5.51288757824445,5.0217748736888,6.00400028280009,0
"OH-AL",1.7531122827923,1.23224936721964,2.27397519836496,0
"OK-AL",1.05634571266695,0.416109381874978,1.69658204345893,5.82486748834654e-08
"OR-AL",4.27391080486535,3.59089253931519,4.95692907041552,0
"PA-AL",3.24682970915829,2.7329819739093,3.76067744440728,0
"RI-AL",4.27128057283649,3.19956329561766,5.34299785005532,0
"SC-AL",1.74927401235364,1.11352178347176,2.38502624123552,4.56967796935714e-13
"SD-AL",4.97357252430577,3.87036095690338,6.07678409170815,0
"TN-AL",0.716338159481168,0.122788950709628,1.30988736825271,0.0015670427806076
"TX-AL",3.04999657638649,2.56053340133097,3.53945975144201,0
"UT-AL",4.55243062614211,3.78234636587688,5.32251488640734,0
"VA-AL",3.51269137276859,2.94493795560334,4.08044478993384,0
"VT-AL",6.20829842997995,5.01841993644747,7.39817692351243,0
"WA-AL",4.86141417554838,4.26961767707443,5.45321067402233,0
"WV-AL",0.877019139676563,0.0695779670171451,1.68446031233598,0.01334804712502
"WY-AL",5.34702966484717,3.93072348138969,6.76333584830465,0
"AZ-AR",2.73784241328498,2.03821333412601,3.43747149244395,0
"CA-AR",4.6041141411141,4.0096838314591,5.19854445076909,0
"CO-AR",3.8390537923387,3.11533131022725,4.56277627445016,0
"CT-AR",4.4745051571029,3.70124056514664,5.24776974905915,0
"DC-AR",0.780979091845509,-0.492040126979227,2.05399831067025,0.957535478618883
"DE-AR",2.167039697909,0.98186791795611,3.3522114778619,3.84678511267111e-10
"FL-AR",2.7479806867464,2.13013680010687,3.36582457338593,0
"GA-AR",0.987925557633091,0.320532027299772,1.65531908796641,4.29550473168838e-06
"HI-AR",5.68799392099362,4.64731588801934,6.7286719539679,0
"IA-AR",3.43688476512648,2.6669458751906,4.20682365506236,0
"ID-AR",3.45876463963442,2.42319336459424,4.49433591467461,0
"IL-AR",2.53856792986994,1.90758234553982,3.16955351420007,0
"IN-AR",1.1385888694571,0.450797256877545,1.82638048203665,5.02829067272614e-08
"KS-AR",2.42399933578211,1.63621978096431,3.21177889059991,0
"KY-AR",-0.0624977821606336,-0.790153914164166,0.665158349842898,1
"LA-AR",-0.254224720005965,-0.982150360661213,0.473700920649283,0.999999967766293
"MA-AR",4.71334596871624,4.02097820590435,5.40571373152813,0
"MD-AR",3.07248586464608,2.37312784667271,3.77184388261946,0
"MI-AR",1.71310804990243,1.07459261363194,2.35162348617292,4.75841588354342e-13
"MN-AR",4.84201181532269,4.14035935754807,5.54366427309731,0
"MO-AR",1.33015644964546,0.632224982073345,2.02808791721757,3.7601810554122e-11
"MS-AR",-0.599958333112156,-1.41464159544173,0.214724929217421,0.677711182930072
"MT-AR",3.19192383338282,2.11336879157822,4.27047887518741,0
"NC-AR",1.77000542827498,1.11169763616878,2.42831322038119,4.41424674590962e-13
"ND-AR",3.7700233808938,2.57786426311123,4.96218249867638,0
"NE-AR",3.40000793449269,2.53156505147291,4.26845081751247,0
"NH-AR",4.32912867276505,3.28845063979077,5.36980670573933,0
"NJ-AR",3.96374512426773,3.30200641661198,4.62548383192349,0
"NM-AR",2.91985355072492,2.03236034222226,3.80734675922758,0
"NV-AR",1.92225855312971,1.09472434256077,2.74979276369864,5.31685806492987e-13
"NY-AR",4.69997516652083,4.09012253156795,5.30982780147371,0
"OH-AR",0.940199871068685,0.306144097022062,1.57425564511531,4.03964540962587e-06
"OK-AR",0.243433300943337,-0.491842910455468,0.978709512342143,0.99999999488649
"OR-AR",3.46099839314174,2.68818373304647,4.233813053237,0
"PA-AR",2.43391729743468,1.80561160527239,3.06222298959696,0
"RI-AR",3.45836816111287,2.32730385256435,4.5894324696614,0
"SC-AR",0.936361600630022,0.204986563927722,1.66773663733232,0.000367638878258414
"SD-AR",4.16066011258215,2.99971036766059,5.32160985750371,0
"TN-AR",-0.0965742522424478,-0.791577281743996,0.598428777259101,1
"TX-AR",2.23708416466287,1.62855910559099,2.84560922373476,0
"UT-AR",3.7395182144185,2.88877835071676,4.59025807812024,0
"VA-AR",2.69977896104497,2.02667236437114,3.3728855577188,0
"VT-AR",5.39538601825633,4.15178665465319,6.63898538185947,0
"WA-AR",4.04850176382476,3.35499499140719,4.74200853624233,0
"WV-AR",0.0641067279529466,-0.820590844717299,0.948804300623192,1
"WY-AR",4.53411725312355,3.07238822451295,5.99584628173416,0
"CA-AZ",1.86627172782912,1.42692928684233,2.3056141688159,0
"CO-AZ",1.10121137905372,0.498344380015579,1.70407837809187,4.06092937055291e-10
"CT-AZ",1.73666274381792,1.07513986697316,2.39818562066267,4.68847183299204e-13
"DC-AZ",-1.95686332143947,-3.16527232459727,-0.748454318281669,1.30790570818107e-07
"DE-AZ",-0.570802715375976,-1.68628760340109,0.544682172649139,0.998450066187036
"FL-AZ",0.0101382734614219,-0.460399138094268,0.480675685017112,1
"GA-AZ",-1.74991685565189,-2.28385366066393,-1.21598005063985,0
"HI-AZ",2.95015150770864,1.98958648870633,3.91071652671095,0
"IA-AZ",0.699042351841499,0.0414100216969172,1.35667468198608,0.0194017722429116
"ID-AZ",0.720922226349444,-0.234107748627285,1.67595220132617,0.614258672199068
"IL-AZ",-0.199274483415039,-0.686939527321326,0.288390560491249,0.999995296701963
"IN-AZ",-1.59925354382788,-2.15847772941938,-1.04002935823639,0
"KS-AZ",-0.313843077502867,-0.992275840866062,0.364589685860329,0.999857205641066
"KY-AZ",-2.80034019544561,-3.40792379780667,-2.19275659308456,0
"LA-AZ",-2.99206713329094,-3.59997347948174,-2.38416078710015,0
"MA-AZ",1.97550355543126,1.41066065125627,2.54034645960625,0
"MD-AZ",0.334643451361103,-0.238746489882498,0.908033392604704,0.980553675425005
"MI-AZ",-1.02473436338255,-1.52210379325473,-0.527364933510364,8.29891710907305e-13
"MN-AZ",2.10416940203771,1.52798318307994,2.68035562099549,0
"MO-AZ",-1.40768596363952,-1.97933508752852,-0.83603683975053,5.07149877648772e-13
"MS-AZ",-3.33780074639714,-4.04729578185239,-2.62830571094188,0
"MT-AZ",0.454081420097836,-0.547395172548146,1.45555801274382,0.999914884356462
"NC-AZ",-0.967836985009995,-1.49037266471373,-0.445301305306263,1.9018797647874e-10
"ND-AZ",1.03218096760882,-0.0907249721420627,2.15508690735971,0.143258558155307
"NE-AZ",0.662165521207712,-0.108462423058132,1.43279346547356,0.273476551398267
"NH-AZ",1.59128625948007,0.630721240477759,2.55185127848238,4.87070119792321e-08
"NJ-AZ",1.22590271098275,0.69905120948959,1.75275421247591,5.24136289925536e-13
"NM-AZ",0.182011137439943,-0.61002332049357,0.974045595373456,1
"NV-AZ",-0.815583860155272,-1.53979878479963,-0.0913689355109092,0.00680090782205822
"NY-AZ",1.96213275323585,1.50213859699617,2.42212690947553,0
"OH-AZ",-1.79764254221629,-2.28927361529605,-1.30601146913654,0
"OK-AZ",-2.49440911234164,-3.11109825158821,-1.87771997309508,0
"OR-AZ",0.723155979856756,0.062159091608516,1.384152868105,0.0117239942590226
"PA-AZ",-0.303925115850305,-0.788117670748891,0.180267439048281,0.941222849036709
"RI-AZ",0.720525747827892,-0.33729316743504,1.77834466309082,0.841567632924048
"SC-AZ",-1.80148081265496,-2.41351335405041,-1.1894482712595,0
"SD-AZ",1.42281769929717,0.333102737644751,2.51253266094959,0.000217323935462921
"TN-AZ",-2.83441666552743,-3.40248673024834,-2.26634660080652,0
"TX-AZ",-0.500758248622105,-0.958990869606396,-0.0425256276378152,0.0119663169641232
"UT-AZ",1.00167580113352,0.251054256607284,1.75229734565975,0.000118083382216305
"VA-AZ",-0.0380634522400101,-0.579124334120709,0.502997429640689,1
"VT-AZ",2.65754360497135,1.48016780915685,3.83491940078585,3.26516591542259e-13
"WA-AZ",1.31065935053978,0.744420857672394,1.87689784340717,5.49782441794378e-13
"WV-AZ",-2.67373568533203,-3.46263630169909,-1.88483506896498,0
"WY-AZ",1.79627483983857,0.390456167143335,3.20209351253381,0.000387165949083279
"CO-CA",-0.765060348775393,-1.24183614845588,-0.288284549094907,1.92065297666133e-07
"CT-CA",-0.129608984011199,-0.678680073416451,0.419462105394053,1
"DC-CA",-3.82313504926859,-4.97383868771966,-2.67243141081751,0
"DE-CA",-2.43707444320509,-3.48977244360412,-1.38437644280606,5.50670620214078e-13
"FL-CA",-1.85613345436769,-2.14814715319917,-1.56411975553622,0
"GA-CA",-3.61618858348101,-4.00213554405742,-3.23024162290459,0
"HI-CA",1.08387977987952,0.19700227967861,1.97075728008044,0.00116942810245246
"IA-CA",-1.16722937598762,-1.71160684271737,-0.622851909257866,4.69846384021366e-13
"ID-CA",-1.14534950147967,-2.02622906063391,-0.264469942325436,0.000243490224690723
"IL-CA",-2.06554621124415,-2.38442509056957,-1.74666733191874,0
"IN-CA",-3.465525271657,-3.88576119870534,-3.04528934460866,0
"KS-CA",-2.18011480533198,-2.74944560463616,-1.61078400602781,0
"KY-CA",-4.66661192327473,-5.14933791023808,-4.18388593631138,0
"LA-CA",-4.85833886112006,-5.34147100698779,-4.37520671525233,0
"MA-CA",0.109231827602144,-0.31845269518135,0.536916350385639,1
"MD-CA",-1.53162827646801,-1.9705389386204,-1.09271761431562,0
"MI-CA",-2.89100609121166,-3.22453704090463,-2.5574751415187,0
"MN-CA",0.237897674208597,-0.204659783697791,0.680455132114985,0.995673277785437
"MO-CA",-3.27395769146864,-3.71059170923954,-2.83732367369773,0
"MS-CA",-5.20407247422625,-5.81008381897762,-4.59806112947488,0
"MT-CA",-1.41219030773128,-2.34322301942809,-0.481157596034469,1.7703726764573e-06
"NC-CA",-2.83410871283911,-3.20412233582501,-2.46409508985321,0
"ND-CA",-0.834090760220292,-1.89464924241707,0.226467721976485,0.502937615026321
"NE-CA",-1.2041062066214,-1.88066660534062,-0.527545807902184,1.59021418255634e-09
"NH-CA",-0.274985468349044,-1.16186296854996,0.61189203185187,0.999999999511761
"NJ-CA",-0.640369016846364,-1.0164528495982,-0.264285184094532,1.39049598502083e-08
"NM-CA",-1.68426059038917,-2.38510659857196,-0.983414582206388,3.79252185211953e-13
"NV-CA",-2.68185558798439,-3.30503598057497,-2.05867519539381,0
"NY-CA",0.0958610254067338,-0.178840937466426,0.370562988279893,0.999999968634334
"OH-CA",-3.66391427004541,-3.98882603752893,-3.33900250256189,0
"OK-CA",-4.36068084017076,-4.85481851238001,-3.8665431679615,0
"OR-CA",-1.14311574797236,-1.69155301047881,-0.594678485465912,6.5492056222638e-13
"PA-CA",-2.17019684367942,-2.483739464149,-1.85665422320984,0
"RI-CA",-1.14574598000122,-2.13713258578111,-0.15435937422134,0.00403879393628315
"SC-CA",-3.66775254048407,-4.15606634978982,-3.17943873117833,0
"SD-CA",-0.443454028531946,-1.4688053060368,0.581897248972911,0.999976147495636
"TN-CA",-4.70068839335654,-5.13262605444172,-4.26875073227137,0
"TX-CA",-2.36702997645122,-2.63877191205528,-2.09528804084716,0
"UT-CA",-0.8645959266956,-1.51827723110827,-0.210914622282926,0.000151926982772443
"VA-CA",-1.90433518006913,-2.30007931778089,-1.50859104235736,0
"VT-CA",0.791271877142236,-0.326798026397582,1.90934178068205,0.76923545276473
"WA-CA",-0.555612377289336,-0.985138366533802,-0.126086388044869,0.000279760556780584
"WV-CA",-4.54000741316115,-5.23730987776028,-3.84270494856202,0
"WY-CA",-0.0699968879905413,-1.4265339074376,1.28654013145652,1
"CT-CO",0.635451364764194,-0.0515027088809833,1.32240543840937,0.133680120712062
"DC-CO",-3.05807470049319,-4.28059083601925,-1.83555856496713,4.06341627012807e-13
"DE-CO",-1.6720140944297,-2.80276602041574,-0.541262168443656,4.46330305625686e-06
"FL-CO",-1.0910731055923,-1.5967398321843,-0.585406379000299,4.42756942220512e-13
"GA-CO",-2.85112823470561,-3.41626706230039,-2.28598940711083,0
"HI-CO",1.84894012865492,0.870687329814221,2.82719292749561,6.08385564149216e-11
"IA-CO",-0.402169027212224,-1.08537738808037,0.281039333655918,0.977603416450292
"ID-CO",-0.380289152704279,-1.35310755087158,0.592529245463022,0.999998764153053
"IL-CO",-1.30048586246876,-1.82212805569786,-0.778843669239663,4.25770529943748e-13
"IN-CO",-2.70046492288161,-3.28955326299641,-2.11137658276681,0
"KS-CO",-1.41505445655659,-2.11830718290279,-0.711801730210389,1.94744220749499e-12
"KY-CO",-3.90155157449934,-4.53672967280467,-3.26637347619401,0
"LA-CO",-4.09327851234467,-4.7287653402552,-3.45779168443414,0
"MA-CO",0.874292176377537,0.279867337473931,1.46871701528114,5.38381008108324e-06
"MD-CO",-0.76656792769262,-1.36912033821645,-0.164015517168787,0.000433403435722957
"MI-CO",-2.12594574243627,-2.65667140836937,-1.59522007650318,0
"MN-CO",1.00295802298399,0.397744059475548,1.60817198649243,4.79539047359978e-08
"MO-CO",-2.50889734269325,-3.10979342651456,-1.90800125887193,0
"MS-CO",-4.43901212545086,-5.17227646253838,-3.70574778836334,0
"MT-CO",-0.647129958955887,-1.66558405626541,0.371324138353633,0.930693052394019
"NC-CO",-2.06904836406372,-2.62342812494265,-1.51466860318478,0
"ND-CO",-0.0690304114448992,-1.20710384151721,1.06904301862742,1
"NE-CO",-0.439045857846011,-1.23161182430694,0.353520108614915,0.99227035168748
"NH-CO",0.490074880426349,-0.488177918414347,1.46832767926704,0.999031599401096
"NJ-CO",0.124691331929029,-0.433758206824779,0.683140870682836,1
"NM-CO",-0.91920024161378,-1.73259557308721,-0.105804910140346,0.00635399904804035
"NV-CO",-1.91679523920899,-2.66431155326935,-1.16927892514864,4.22550883172335e-13
"NY-CO",0.860921374182126,0.365050416690765,1.35679233167349,5.48436607239466e-09
"OH-CO",-2.89885392127002,-3.42420570315174,-2.3735021393883,0
"OK-CO",-3.59562049139537,-4.23951402077225,-2.95172696201849,0
"OR-CO",-0.378055399196967,-1.06450297110803,0.308392172714099,0.993072325027655
"PA-CO",-1.40513649490403,-1.92353384532932,-0.886739144478736,4.60853577521902e-13
"RI-CO",-0.38068563122583,-1.45459169797319,0.693220435521531,0.99999994680063
"SC-CO",-2.90269219170868,-3.54212726615778,-2.26325711725958,0
"SD-CO",0.321606320243447,-0.78373167347516,1.42694431396205,0.999999999954315
"TN-CO",-3.93562804458115,-4.53312028816324,-3.33813580099906,0
"TX-CO",-1.60196962767583,-2.09620693671155,-1.1077323186401,0
"UT-CO",-0.0995355779202072,-0.872663048532711,0.673591892692297,1
"VA-CO",-1.13927483129373,-1.71114917117118,-0.567400491416289,3.15625303670686e-12
"VT-CO",1.55633222591763,0.364481921861549,2.74818252997371,0.000216719542096788
"WA-CO",0.209447971486057,-0.386303162389046,0.80519910536116,0.999999959682627
"WV-CO",-3.77494706438576,-4.58529116735255,-2.96460296141896,0
"WY-CO",0.695063460784851,-0.722899699246941,2.11302662081664,0.999412639702034
"DC-CT",-3.69352606525739,-4.94600744223721,-2.44104468827756,0
"DE-CT",-2.30746545919389,-3.47054921205989,-1.1443817063279,3.91675580857509e-12
"FL-CT",-1.72652447035649,-2.30086124999191,-1.15218769072108,0
"GA-CT",-3.48657959946981,-4.11391188184886,-2.85924731709076,0
"HI-CT",1.21348876389072,0.198036925298976,2.22894060248247,0.00196057105057801
"IA-CT",-1.03762039197642,-1.7731049685787,-0.302135815374136,2.18045806656963e-05
"ID-CT",-1.01574051746847,-2.02595808506097,-0.0055229498759779,0.0462461663922225
"IL-CT",-1.93593722723296,-2.52438813921846,-1.34748631524745,0
"IN-CT",-3.3359162876458,-3.98490701987463,-2.68692555541697,0
"KS-CT",-2.05050582132078,-2.80464658747327,-1.29636505516829,4.71622740860766e-13
"KY-CT",-4.53700293926353,-5.22809997631873,-3.84590590220833,0
"LA-CT",-4.72872987710886,-5.42011067414295,-4.03734908007477,0
"MA-CT",0.238840811613343,-0.414997690744297,0.892679313970984,0.999999856455043
"MD-CT",-1.40201929245681,-2.06325548738854,-0.740783097525089,5.18585174802411e-13
"MI-CT",-2.76139710720047,-3.35791502859079,-2.16487918581015,0
"MN-CT",0.367506658219796,-0.296155785862511,1.0311691023021,0.992322325448825
"MO-CT",-3.14434870745744,-3.80407592503414,-2.48462148988074,0
"MS-CT",-5.07446349021505,-5.85666582088411,-4.292261159546,0
"MT-CT",-1.28258132372008,-2.33681689814652,-0.228345749293638,0.00130104071642223
"NC-CT",-2.70449972882791,-3.32215725313397,-2.08684220452186,0
"ND-CT",-0.704481776209093,-1.87468476300081,0.465721210582629,0.968023288885907
"NE-CT",-1.0744972226102,-1.91254537710483,-0.236449068115581,0.000353850310889636
"NH-CT",-0.145376484337845,-1.16082832292959,0.870075354253902,1
"NJ-CT",-0.510760032835165,-1.13207298569712,0.110552920026792,0.382915887490855
"NM-CT",-1.55465160637797,-2.41242538968129,-0.69687782307466,6.16206086156978e-10
"NV-CT",-2.55224660397319,-3.34782471946285,-1.75666848848352,0
"NY-CT",0.225470009417933,-0.340261291239105,0.79120131007497,0.99999777018336
"OH-CT",-3.53430528603421,-4.12604711553927,-2.94256345652915,0
"OK-CT",-4.23107185615956,-4.9301875656334,-3.53195614668571,0
"OR-CT",-1.01350676396116,-1.75200129138997,-0.27501223653235,5.16619956415498e-05
"PA-CT",-2.04058785966822,-2.62616425177062,-1.45501146756582,0
"RI-CT",-1.01613699599002,-2.12403506813226,0.0917610761522163,0.146718888120886
"SC-CT",-3.53814355647287,-4.23315514809954,-2.84313196484621,0
"SD-CT",-0.313845044520747,-1.45223688322022,0.824546794178731,0.999999999994181
"TN-CT",-4.57107940934534,-5.22770782725038,-3.91445099144031,0
"TX-CT",-2.23742099244002,-2.80172092660853,-1.67312105827152,0
"UT-CT",-0.734986942684401,-1.55467589824949,0.0847020128806912,0.185325341221609
"VA-CT",-1.77472619605793,-2.40813298373072,-1.14131940838513,1.41442413337245e-13
"VT-CT",0.920880861153435,-0.301686537944984,2.14344826025185,0.619969553693847
"WA-CT",-0.426003393278137,-1.08104790441702,0.229041117860743,0.906687403184692
"WV-CT",-4.41039842914995,-5.26527939353784,-3.55551746476206,0
"WY-CT",0.0596120960206576,-1.38426581476926,1.50349000681057,1
"DE-DC",1.3860606060635,-0.155173840250472,2.92729505237746,0.179951393131379
"FL-DC",1.96700159490089,0.804030168439414,3.12997302136237,1.90007590772368e-08
"GA-DC",0.206946465787581,-0.983089497886953,1.39698242946212,1
"HI-DC",4.90701482914811,3.47391251639328,6.34011714190294,0
"IA-DC",2.65590567328097,1.40547480164363,3.90633654491831,5.02820007852733e-13
"ID-DC",2.67778554778891,1.24838730510203,4.1071837904758,1.00757069354529e-10
"IL-DC",1.75758883802443,0.587582736270925,2.92759493977794,2.52947575762885e-06
"IN-DC",0.357609777611586,-0.843984485375212,1.55920404059838,0.999999999892474
"KS-DC",1.6430202439366,0.381525853343868,2.90451463452934,0.000232546174236403
"KY-DC",-0.843476874006143,-2.06832581038579,0.381372062373503,0.822585768081205
"LA-DC",-1.03520381185147,-2.26021287664706,0.189805252944114,0.3128699983276
"MA-DC",3.93236687687073,2.72814738297057,5.13658637077089,0
"MD-DC",2.29150677280057,1.08325468494322,3.49975886065793,4.99293939526524e-11
"MI-DC",0.932128958056921,-0.24195512447878,2.10621304059262,0.4769833310269
"MN-DC",4.06103272347718,2.85145112556443,5.27061432138994,0
"MO-DC",0.549177357799948,-0.658249577436868,1.75660429303676,0.999907647417912
"MS-DC",-1.38093742495766,-2.65940537075371,-0.102469479161615,0.0147266789878342
"MT-DC",2.41094474153731,0.950105103277815,3.8717843797968,5.75495536780934e-08
"NC-DC",0.989026336429475,-0.195938059514875,2.17399073237383,0.343690681170007
"ND-DC",2.98904428904829,1.44243029951499,4.5356582785816,1.65691904641108e-11
"NE-DC",2.61902884264718,1.30564979927253,3.93240788602183,3.00370839312336e-12
"NH-DC",3.54814958091954,2.11504726816472,4.98125189367437,4.65516514225328e-13
"NJ-DC",3.18276603242222,1.99589216055634,4.36963990428811,4.79505324335605e-13
"NM-DC",2.13887445887941,0.812821795654325,3.4649271221045,1.54675372288082e-07
"NV-DC",1.1412794612842,-0.14541566195594,2.42797458452434,0.205916044305391
"NY-DC",3.91899607467532,2.76025032738346,5.07774182196718,0
"OH-DC",0.159220779223176,-1.01244393182255,1.3308854902689,1
"OK-DC",-0.537545790902172,-1.76693693189717,0.691845350092829,0.9999677681373
"OR-DC",2.68001930129623,1.42781565597085,3.93222294662161,4.72955008490317e-13
"PA-DC",1.65293820558917,0.484375193462076,2.82150121771626,2.0035638634508e-05
"RI-DC",2.67738906926736,1.17736308929889,4.17741504923583,1.37109834597027e-09
"SC-DC",0.155382508784513,-1.07167939463328,1.38244441220231,1
"SD-DC",3.37968102073664,1.85699399421364,4.90236804725964,3.63487018262276e-13
"TN-DC",-0.877553344087957,-2.08328991628121,0.328183228105297,0.706319266590344
"TX-DC",1.45610507281737,0.298057483973777,2.61415266166095,0.000584375949946314
"UT-DC",2.95853912257299,1.65679806299191,4.26028018215406,6.48814335590941e-13
"VA-DC",1.91879986919946,0.725550540268647,3.11204919813027,1.75843111738239e-07
"VT-DC",4.61440692641082,3.02780336922896,6.20101048359269,0
"WA-DC",3.26752267197925,2.06264794243387,4.47239740152463,4.51860771022439e-13
"WV-DC",-0.716872363892563,-2.04105560861235,0.607310880827228,0.995024173456353
"WY-DC",3.75313816127805,1.99034968174032,5.51592664081577,4.95492535890207e-13
"FL-DE",0.580940988837398,-0.485153169886594,1.64703514756139,0.99434719732566
"GA-DE",-1.17911414027591,-2.27466870821781,-0.0835595723340201,0.0156821597359152
"HI-DE",3.52095422308462,2.16528595417706,4.87662249199217,4.58633131472652e-13
"IA-DE",1.26984506721747,0.108969715922909,2.43072041851204,0.0117570528618822
"ID-DE",1.29172494172542,-0.060027089046474,2.64347697249731,0.091350372619142
"IL-DE",0.371528231960937,-0.702235473255443,1.44529193717732,0.999999976506086
"IN-DE",-1.02845082845191,-2.13654964595076,0.0796479890469441,0.128795829824177
"KS-DE",0.256959637873109,-0.91582436355107,1.42974363929729,1
"KY-DE",-2.22953748006964,-3.36281111580371,-1.09626384433557,6.18671780472368e-12
"LA-DE",-2.42126441791497,-3.55471111949865,-1.28781771633129,4.76729766774042e-13
"MA-DE",2.54630627080724,1.43536126497269,3.65725127664178,5.98521232575422e-13
"MD-DE",0.905446166737079,-0.209868732433208,2.02076106590737,0.416242930473687
"MI-DE",-0.453931648006574,-1.53213740265792,0.624274106644769,0.999988814672958
"MN-DE",2.67497211741369,1.55821705988821,3.79172717493917,3.98125976630581e-13
"MO-DE",-0.836883248263547,-1.95130418329436,0.277537686767262,0.627908908845332
"MS-DE",-2.76699803102116,-3.95802049299555,-1.57597556904677,5.33129096425e-13
"MT-DE",1.02488413547381,-0.360073143726415,2.40984141467404,0.665598026046599
"NC-DE",-0.39703426963402,-1.48707777158948,0.693009232321443,0.999999869391743
"ND-DE",1.6029836829848,0.127833165539305,3.07813420043029,0.0132418967274529
"NE-DE",1.23296823658369,0.00454700261087471,2.4613894705565,0.047430816183876
"NH-DE",2.16208897485605,0.806420705948494,3.5177572437636,2.47609418635442e-07
"NJ-DE",1.79670542635873,0.704586474862377,2.88882437785508,6.61618785313678e-08
"NM-DE",0.752813852815919,-0.489148256970818,1.99477596260266,0.96450229530874
"NV-DE",-0.244781144779296,-1.44463053394009,0.955068244381497,1
"NY-DE",2.53293546861183,1.47145257974053,3.59441835748312,4.14113188185183e-13
"OH-DE",-1.22683982684032,-2.30241056445335,-0.151269089227287,0.00528049313463008
"OK-DE",-1.92360639696567,-3.06178775072989,-0.785425043201444,1.9682404595045e-08
"OR-DE",1.29395869523273,0.131174026488882,2.45674336397658,0.00855291843996098
"PA-DE",0.266877599525671,-0.805313488765548,1.33906868781689,1
"RI-DE",1.29132846320387,-0.134901587341953,2.71755851374969,0.168036359650727
"SC-DE",-1.23067809727898,-2.36634315851793,-0.0950130360400316,0.0139073797793416
"SD-DE",1.99362041467315,0.543575588731195,3.4436652406151,4.89089691680933e-05
"TN-DE",-2.26361395015145,-3.37620322658005,-1.15102467372285,1.22668541990834e-12
"TX-DE",0.0700444667538704,-0.990676247914237,1.13076518142198,1
"UT-DE",1.57247851650949,0.356508121023304,2.78844891199568,0.000281850985027976
"VA-DE",0.532739263135966,-0.56630494775521,1.63178347402714,0.999548859390668
"VT-DE",3.22834632034733,1.71132124996724,4.74537139072742,5.01598762525646e-13
"WA-DE",1.88146206591576,0.769806844906734,2.99311728692478,1.84226528476827e-08
"WV-DE",-2.10293296995606,-3.34289888968781,-0.862967050224308,1.674943861385e-08
"WY-DE",2.36707755521455,0.666643069534348,4.06751204089475,3.33348582733928e-05
"GA-FL",-1.76005512911331,-2.18117118390044,-1.33893907432618,0
"HI-FL",2.94001323424722,2.0372755228471,3.84275094564734,0
"IA-FL",0.688904078380077,0.119052780667766,1.25875537609239,0.00150712411254883
"ID-FL",0.710783952888022,-0.186061893931298,1.60762979970734,0.481772761022755
"IL-FL",-0.209412756876461,-0.570061359953105,0.151235846200183,0.982144751866935
"IN-FL",-1.60939181728931,-2.06214109625448,-1.15664253832414,0
"KS-FL",-0.323981350964289,-0.917716337517746,0.269753635589169,0.994196521759498
"KY-FL",-2.81047846890704,-3.32175926622984,-2.29919767158423,0
"LA-FL",-3.00220540675237,-3.5138696966848,-2.49054111681994,0
"MA-FL",1.96536528196984,1.50569395781545,2.42503660612423,0
"MD-FL",0.324505177899681,-0.145629105653808,0.79463946145317,0.818377502066297
"MI-FL",-1.03487263684397,-1.40853902498237,-0.661206248705573,3.04645197957143e-13
"MN-FL",2.09403112857629,1.620490445245,2.56757181190758,0
"MO-FL",-1.41782423710094,-1.88583378902918,-0.94981468517271,0
"MS-FL",-3.34793901985856,-3.97693299851707,-2.71894504120004,0
"MT-FL",0.443943146636414,-0.502209898843449,1.39009619211628,0.999795864391988
"NC-FL",-0.977975258471417,-1.3845386070611,-0.571411909881737,3.78364006792253e-13
"ND-FL",1.0220426941474,-0.0518138928235188,2.09589928111832,0.095981487129334
"NE-FL",0.65202724774629,-0.0451941291035693,1.34924862459615,0.118179411373124
"NH-FL",1.58114798601865,0.67841027461853,2.48388569741877,3.56034490778256e-09
"NJ-FL",1.21576443752133,0.803668909180373,1.62785996586229,0
"NM-FL",0.171872863978521,-0.548938347370919,0.892684075327961,1
"NV-FL",-0.825722133616694,-1.47127420504909,-0.180170062184301,0.000376624729583108
"NY-FL",1.95199447977443,1.62974481937481,2.27424414017405,0
"OH-FL",-1.80778081567772,-2.17377443839616,-1.44178719295928,0
"OK-FL",-2.50454738580306,-3.02661607315913,-1.982478698447,0
"OR-FL",0.713017706395334,0.139286840808629,1.28674857198204,0.000781277552089232
"PA-FL",-0.314063389311727,-0.670002499374436,0.041875720750982,0.216320455905921
"RI-FL",0.71038747436647,-0.295212385091087,1.71598733382403,0.773028373479645
"SC-FL",-1.81161908611638,-2.32817890993158,-1.29505926230118,0
"SD-FL",1.41267942583575,0.37357937410726,2.45177947756424,6.85890247436038e-05
"TN-FL",-2.84455493898885,-3.3081860620652,-2.3809238159125,0
"TX-FL",-0.510896522083527,-0.830626650140214,-0.191166394026841,2.28842799376849e-07
"UT-FL",0.991537527672094,0.316494623139383,1.6665804322048,5.64205814790331e-06
"VA-FL",-0.048201725701432,-0.478314615248505,0.381911163845641,1
"VT-FL",2.64740533150993,1.51671351477876,3.7780971482411,4.92383911421257e-13
"WA-FL",1.30052107707836,0.839135933561857,1.76190622059486,9.79216707719388e-14
"WV-FL",-2.68387395879346,-3.40124025459869,-1.96650766298822,0
"WY-FL",1.78613656637715,0.419177766576801,3.1530953661775,0.000212949461495193
"HI-GA",4.70006836336053,3.76272187904597,5.63741484767509,0
"IA-GA",2.44895920749339,1.82573087246895,3.07218754251783,0
"ID-GA",2.47083908200133,1.53916557211174,3.40251259189093,4.79061235125755e-13
"IL-GA",1.55064237223685,1.11047141570511,1.99081332876859,0
"IN-GA",0.150663311824005,-0.367665701136311,0.66899232478432,0.999999999955981
"KS-GA",1.43607377814902,0.790934808367653,2.08121274793039,3.5349501104065e-13
"KY-GA",-1.05042333979372,-1.62059095531041,-0.480255724277043,2.55304444252147e-10
"LA-GA",-1.24215027763906,-1.81266180395994,-0.671638751318166,4.20885548635397e-13
"MA-GA",3.72542041108315,3.20103431065448,4.24980651151181,0
"MD-GA",2.08456030701299,1.55097872876531,2.61814188526067,0
"MI-GA",0.72518249226934,0.274283805536579,1.1760811790021,1.74662294738503e-07
"MN-GA",3.8540862576896,3.31750091047744,4.39067160490177,0
"MO-GA",0.342230892012367,-0.18947955246752,0.873941336492254,0.918056788194461
"MS-GA",-1.58788389074525,-2.26561280503296,-0.910154976457535,4.93161067538495e-13
"MT-GA",2.20399827574973,1.22476968060774,3.18322687089171,3.33399974294935e-13
"NC-GA",0.782079870641894,0.303564654071525,1.26059508721226,8.80556488835893e-08
"ND-GA",2.78209782326071,1.67898811636218,3.88520753015925,5.61550805855404e-13
"NE-GA",2.4120823768596,1.67059690538403,3.15356784833517,0
"NH-GA",3.34120311513196,2.4038566308174,4.27854959944652,0
"NJ-GA",2.97581956663464,2.49259520823417,3.45904392503511,0
"NM-GA",1.93192799309183,1.16821871694025,2.69563726924342,5.35016475566863e-13
"NV-GA",0.934332995496618,0.241209245359902,1.62745674563333,8.81669282318809e-05
"NY-GA",3.71204960888774,3.30274788680414,4.12135133097134,0
"OH-GA",-0.0477256865644051,-0.492286579967659,0.396835206838849,1
"OK-GA",-0.744492256689753,-1.3243532489893,-0.164631264390204,0.000341218033355406
"OR-GA",2.47307283550865,1.84629523364352,3.09985043737377,0
"PA-GA",1.44599173980158,1.00967109377946,1.88231238582371,0
"RI-GA",2.47044260347978,1.43366194518508,3.50722326177448,4.13891143580258e-13
"SC-GA",-0.0515639570030686,-0.626470129915595,0.523342215909457,1
"SD-GA",3.17273455494906,2.10343012048005,4.24203898941806,0
"TN-GA",-1.08449980987554,-1.61236046796436,-0.556639151786713,9.00057806063614e-13
"TX-GA",1.24915860702978,0.841837590066409,1.65647962399316,0
"UT-GA",2.75159265678541,2.03092215022024,3.47226316335057,0
"VA-GA",1.71185340341188,1.21317499619189,2.21053181063187,0
"VT-GA",4.40746046062324,3.2489497612787,5.56597115996778,0
"WA-GA",3.06057620619167,2.53468714305128,3.58646526933206,0
"WV-GA",-0.923818829680144,-1.68427754547625,-0.163360113884039,0.00134630317036644
"WY-GA",3.54619169549046,2.15613435263566,4.93624903834526,4.66848781854878e-13
"IA-HI",-2.25110915586714,-3.26403077255907,-1.23818753917521,3.65929508916452e-13
"ID-HI",-2.2292292813592,-3.45626317372503,-1.00219538899336,5.42683231685714e-10
"IL-HI",-3.14942599112368,-4.06120837467719,-2.23764360757017,0
"IN-HI",-4.54940505153652,-5.5013827874426,-3.59742731563044,0
"KS-HI",-3.26399458521151,-4.29054265243243,-2.23744651799058,0
"KY-HI",-5.75049170315425,-6.73165823018645,-4.76932517612205,0
"LA-HI",-5.94221864099958,-6.92358505862831,-4.96085222337086,0
"MA-HI",-0.97464795227738,-1.92993713692632,-0.019358767628441,0.037288264057056
"MD-HI",-2.61550805634754,-3.57587566545862,-1.65514044723645,4.37094804794924e-13
"MI-HI",-3.97488587109119,-4.89189528744512,-3.05787645473726,0
"MN-HI",-0.845982105670927,-1.80802185475994,0.116057643418087,0.223219830928458
"MO-HI",-4.35783747134816,-5.317166737426,-3.39850820527032,0
"MS-HI",-6.28795225410578,-7.3352884586008,-5.24061604961075,0
"MT-HI",-2.4960700876108,-3.75959107498229,-1.23254910023932,4.92506035953966e-12
"NC-HI",-3.91798849271864,-4.84888776571966,-2.98708921971761,0
"ND-HI",-1.91797054009982,-3.27975160526346,-0.556189474936176,2.30139592125589e-05
"NE-HI",-2.28798598650093,-3.37766362158105,-1.19830835142081,5.78426195829707e-13
"NH-HI",-1.35886524822857,-2.59021210254757,-0.127518393909563,0.0100010554682479
"NJ-HI",-1.72424879672589,-2.65757747652524,-0.790920116926539,2.19283147195881e-10
"NM-HI",-2.7681403702687,-3.87306050424419,-1.6632202362932,3.98903132747819e-13
"NV-HI",-3.76573536786391,-4.82309868148324,-2.70837205424459,0
"NY-HI",-0.98801875447279,-1.88530607951703,-0.0907314294285462,0.0104193669859107
"OH-HI",-4.74779404992493,-5.66170380035325,-3.83388429949662,0
"OK-HI",-5.44456062005028,-6.4313916159027,-4.45772962419787,0
"OR-HI",-2.22699552785188,-3.24210478610158,-1.21188626960218,3.90465437760668e-13
"PA-HI",-3.25407662355894,-4.16400648356444,-2.34414676355345,0
"RI-HI",-2.22962575988075,-3.53825511053679,-0.920996409224709,1.35055572281217e-08
"SC-HI",-4.7516323203636,-5.73556003703662,-3.76770460369058,0
"SD-HI",-1.52733380841147,-2.861878156704,-0.192789460118941,0.00493565281806696
"TN-HI",-5.78456817323607,-6.74176904992937,-4.82736729654277,0
"TX-HI",-3.45090975633074,-4.34729530666304,-2.55452420599845,0
"UT-HI",-1.94847570657512,-3.02409767688688,-0.872853736263368,6.33360364155067e-10
"VA-HI",-2.98821495994865,-3.92963771185765,-2.04679220803965,0
"VT-HI",-0.292607902737288,-1.69964154998252,1.11442574450795,1
"WA-HI",-1.63949215716886,-2.5956071872333,-0.683377127104419,9.97551341530567e-09
"WV-HI",-5.62388719304067,-6.72656307579803,-4.52121131028332,0
"WY-HI",-1.15387666787007,-2.75695372790461,0.44920039216448,0.732152034542816
"ID-IA",0.0218798745079454,-0.985794328265415,1.02955407728131,1
"IL-IA",-0.898316835256537,-1.48239066695849,-0.314243003554587,1.04727408589689e-06
"IN-IA",-2.29829589566938,-2.94332049642609,-1.65327129491268,0
"KS-IA",-1.01288542934437,-1.76361578055943,-0.262155078129299,8.59057258698614e-05
"KY-IA",-3.49938254728711,-4.18675644822379,-2.81200864635043,0
"LA-IA",-3.69110948513244,-4.37876868238783,-3.00345028787706,0
"MA-IA",1.27646120358976,0.626559247732024,1.9263631594475,6.33604280153577e-12
"MD-IA",-0.364398900480396,-1.02174285196258,0.292945051001791,0.992166500688514
"MI-IA",-1.72377671522405,-2.31597718432405,-1.13157624612405,0
"MN-IA",1.40512705019621,0.74534253632238,2.06491156407005,4.98490138056695e-13
"MO-IA",-2.10672831548102,-2.76255433408194,-1.4509022968801,0
"MS-IA",-4.03684309823863,-4.81575788893562,-3.25792830754165,0
"MT-IA",-0.244960931743663,-1.29675958711867,0.806837723631349,1
"NC-IA",-1.66687933685149,-2.28036819770743,-1.05339047599556,4.90274487674469e-13
"ND-IA",0.333138615767325,-0.834869430163309,1.50114666169796,0.999999999978538
"NE-IA",-0.036876830633787,-0.871857353948119,0.798103692680545,1
"NH-IA",0.892243907638573,-0.120677709053355,1.9051655243305,0.219741094756758
"NJ-IA",0.526860359141253,-0.0903086213304447,1.14402933961295,0.288590005571841
"NM-IA",-0.517031214401555,-1.37180816097002,0.337745732166911,0.965619746604339
"NV-IA",-1.51462621199677,-2.30697228721171,-0.722280136781832,3.15756309987592e-11
"NY-IA",1.26309040139435,0.701913361944648,1.82426744084405,3.30735439035834e-13
"OH-IA",-2.49668489405779,-3.08407416689858,-1.90929562121701,0
"OK-IA",-3.19345146418314,-3.88888696823477,-2.49801596013151,0
"OR-IA",0.0241136280152574,-0.710897890333083,0.759125146363598,1
"PA-IA",-1.0029674676918,-1.58414513076059,-0.421789804623017,7.34395055879133e-09
"RI-IA",0.0214833959863938,-1.08409604635094,1.12706283832372,1
"SC-IA",-2.50052316449646,-3.19183270266142,-1.80921362633149,0
"SD-IA",0.723775347455671,-0.412360094945458,1.8599107898568,0.928284074565177
"TN-IA",-3.53345901736893,-4.18616771522954,-2.88075031950831,0
"TX-IA",-1.1998006004636,-1.75953462727009,-0.640066573657114,4.67403893367191e-13
"UT-IA",0.302633449292017,-0.513918906002989,1.11918580458702,0.999999770142322
"VA-IA",-0.737105804081509,-1.36644825754575,-0.107763350617263,0.00304767773125003
"VT-IA",1.95850125312985,0.738034616797379,3.17896788946233,1.91762101087178e-07
"WA-IA",0.611616998698281,-0.0394982573321736,1.26273225472874,0.112257389868555
"WV-IA",-3.37277803717353,-4.22465198813998,-2.52090408620708,0
"WY-IA",1.09723248799708,-0.344867087735987,2.53933206373014,0.593226034203988
"IL-ID",-0.920196709764483,-1.8261460529022,-0.0142473666267676,0.0398584277494599
"IN-ID",-2.32017577017733,-3.26656824005122,-1.37378330030344,5.38347144640738e-13
"KS-ID",-1.03476530385231,-2.05613596707314,-0.0133946406314813,0.0414069309224845
"KY-ID",-3.52126242179506,-4.49701077620903,-2.54551406738109,0
"LA-ID",-3.71298935964039,-4.68893871438303,-2.73704000489775,0
"MA-ID",1.25458132908182,0.304857935834934,2.2043047223287,0.000157375753165323
"MD-ID",-0.386278774988341,-1.3411101957129,0.568552645736216,0.999996506435924
"MI-ID",-1.74565658973199,-2.65686642673712,-0.834446752726862,2.77855516372938e-11
"MN-ID",1.38324717568827,0.426733936783343,2.33976041459319,9.6409312186907e-06
"MO-ID",-2.12860818998897,-3.08239524071181,-1.17482113926612,3.55937501694825e-13
"MS-ID",-4.05872297274658,-5.10098504277465,-3.01646090271851,0
"MT-ID",-0.266840806251608,-1.52615902771167,0.992477415208457,1
"NC-ID",-1.68875921135944,-2.61394597836758,-0.763572444351298,4.22033075153649e-10
"ND-ID",0.31125874125938,-1.04662371566072,1.66914119817948,1
"NE-ID",-0.0587567051417324,-1.14355827490781,1.02604486462434,1
"NH-ID",0.870364033130627,-0.356669859235206,2.09739792549646,0.764424108763914
"NJ-ID",0.504980484633307,-0.422650649982782,1.4326116192494,0.994456406545421
"NM-ID",-0.538911088909501,-1.63902271953503,0.561200541716032,0.999421402833034
"NV-ID",-1.53650608650472,-2.58884361522883,-0.484168557780602,6.94442264981276e-06
"NY-ID",1.24121052688641,0.349851092618616,2.13256996115419,3.30003027193548e-05
"OH-ID",-2.51856476856574,-3.42665514363922,-1.61047439349226,2.8288482667449e-13
"OK-ID",-3.21533133869109,-4.19677543376131,-2.23388724362086,0
"OR-ID",0.00223375350731203,-1.00763945811749,1.01210696513211,1
"PA-ID",-1.02484734219975,-1.92893220962247,-0.12076247477703,0.00597809377294467
"RI-ID",-0.000396478521551558,-1.3049683909785,1.3041754339354,1
"SC-ID",-2.5224030390044,-3.50092787211316,-1.54387820589565,5.45452571998339e-13
"SD-ID",0.701895472947726,-0.628670464889505,2.03246141078496,0.997045842473506
"TN-ID",-3.55533889187687,-4.50698515794192,-2.60369262581182,0
"TX-ID",-1.22168047497155,-2.11213213127731,-0.331228818665791,5.21412010170419e-05
"UT-ID",0.280753574784072,-0.789928320267153,1.3514354698353,0.999999999999315
"VA-ID",-0.758985678589454,-1.69476016808201,0.176788810903103,0.41873764819406
"VT-ID",1.93662137862191,0.533360611033302,3.33988214621051,4.35549252212342e-05
"WA-ID",0.589737124190336,-0.360816950067549,1.54029119844822,0.950065032169177
"WV-ID",-3.39465791168148,-4.49251546154296,-2.29680036182,0
"WY-ID",1.07535261348913,-0.524413981293415,2.67511920827168,0.862658855556361
"IN-IL",-1.39997906041285,-1.87050392583239,-0.929454194993308,0
"KS-IL",-0.114568594087828,-0.721967123582449,0.492829935406793,1
"KY-IL",-2.60106571203058,-3.12815184643902,-2.07397957762213,0
"LA-IL",-2.79279264987591,-3.32025078562381,-2.26533451412801,0
"MA-IL",2.1747780388463,1.69758890901993,2.65196716867266,0
"MD-IL",0.533917934776142,0.0466418488177334,1.02119402073455,0.011401298846494
"MI-IL",-0.825459879967511,-1.22047672644243,-0.430443033492593,6.18616269321137e-13
"MN-IL",2.30344388545275,1.81288041540585,2.79400735549966,0
"MO-IL",-1.20841148022448,-1.69363790167189,-0.723185058777074,4.2854608750531e-13
"MS-IL",-3.1385262629821,-3.78043370534685,-2.49661882061734,0
"MT-IL",0.653355903512875,-0.301430630140283,1.60814243716603,0.833727040608442
"NC-IL",-0.768562501594957,-1.19483177774684,-0.342293225443077,8.11427702807066e-10
"ND-IL",1.23145545102386,0.149984365531778,2.31292653651595,0.00546553591964738
"NE-IL",0.86144000462275,0.152546932494798,1.5703330767507,0.00133671342071728
"NH-IL",1.79056074289511,0.8787783593416,2.70234312644862,6.38888941750793e-12
"NJ-IL",1.42517719439779,0.993628281928757,1.85672610686682,0
"NM-IL",0.381285620854982,-0.350821298782881,1.11339254049284,0.997738320696451
"NV-IL",-0.616309376740233,-1.27445010356486,0.0418313500843921,0.116358509347214
"NY-IL",2.16140723665089,1.81462692722969,2.50818754607209,0
"OH-IL",-1.59836805880126,-1.98613483309369,-1.21060128450882,0
"OK-IL",-2.2951346289266,-2.83269155957886,-1.75757769827434,0
"OR-IL",0.922430463271795,0.334570917545554,1.51029000899804,4.78605915343877e-07
"PA-IL",-0.104650632435266,-0.482942040541274,0.273640775670742,0.999999999993354
"RI-IL",0.919800231242931,-0.0939269592356777,1.93352742172154,0.164386293593379
"SC-IL",-1.60220632923992,-2.13441473856336,-1.06999791991648,0
"SD-IL",1.62209218271221,0.575124820815602,2.66905954460881,7.89376443988132e-07
"TN-IL",-2.63514218211239,-3.11614691978098,-2.1541374444438,0
"TX-IL",-0.301483765207067,-0.645924027316098,0.0429564969019648,0.232870866814458
"UT-IL",1.20095028454855,0.513858833332232,1.88804173576488,3.94512333912189e-09
"VA-IL",0.161211031175029,-0.287574927973791,0.609996990323848,0.999999917312201
"VT-IL",2.85681808838639,1.71889202585094,3.99474415092184,3.87356813291717e-13
"WA-IL",1.50993383395482,1.03109357872106,1.98877408918858,0
"WV-IL",-2.47446120191699,-3.20317660708689,-1.7457457967471,0
"WY-IL",1.99554932325361,0.622600635309956,3.36849801119727,8.1156895539447e-06
"KS-IN",1.28541046632502,0.619191682189825,1.95162925046021,1.82924786429339e-11
"KY-IN",-1.20108665161773,-1.79500102910659,-0.607172274128864,1.55808699275894e-12
"LA-IN",-1.39281358946306,-1.98705813480529,-0.798569044120826,4.82947015711943e-13
"MA-IN",3.57475709925914,3.02464441959543,4.12486977892286,0
"MD-IN",1.93389699518899,1.37501196349705,2.49278202688092,0
"MI-IN",0.574519180445336,0.0939436882473498,1.05509467264332,0.00194376199227031
"MN-IN",3.7034229458656,3.14166942976907,4.26517646196212,0
"MO-IN",0.191567580188362,-0.365531311188211,0.748666471564935,0.999999980987161
"MS-IN",-1.73854720256925,-2.43637215143939,-1.04072225369912,4.31321645066873e-13
"MT-IN",2.05333496392572,1.06009188212361,3.04657804572783,7.70716823694784e-13
"NC-IN",0.631416558817889,0.124839821794371,1.13799329584141,0.000726664495771856
"ND-IN",2.63143451143671,1.5158655070906,3.74700351578282,4.56190640818477e-13
"NE-IN",2.2614190650356,1.50152178091533,3.02131634915586,0
"NH-IN",3.19053980330796,2.23856206740188,4.14251753921404,0
"NJ-IN",2.82515625481064,2.3141288988349,3.33618361078637,0
"NM-IN",1.78126468126783,0.999666935311516,2.56286242722414,6.40043573696403e-13
"NV-IN",0.783669683672613,0.0708838034760476,1.49645556386918,0.0107147777896823
"NY-IN",3.56138629706373,3.11960458885864,4.00316800526883,0
"OH-IN",-0.19838899838841,-0.673023137433956,0.276245140657137,0.999990903666625
"OK-IN",-0.895155568513758,-1.49838185142476,-0.291929285602754,3.93319403235726e-06
"OR-IN",2.32240952368464,1.67395494531865,2.97086410205063,0
"PA-IN",1.29532842797758,0.828403504516459,1.7622533514387,2.72004641033163e-13
"RI-IN",2.31977929165578,1.26975200085901,3.36980658245255,3.75699471533153e-13
"SC-IN",-0.202227268827073,-0.800692209869516,0.39623767221537,0.999999989578418
"SD-IN",3.02207124312505,1.93991822641296,4.10422425983715,1.84963155902551e-13
"TN-IN",-1.23516312169954,-1.78858886410947,-0.681737379289619,3.48499007429837e-13
"TX-IN",1.09849529520578,0.658548038294129,1.53844255211743,4.21329637845247e-13
"UT-IN",2.6009293449614,1.86132867092378,3.34053001899902,0
"VA-IN",1.56119009158787,1.03552543438571,2.08685474879004,0
"VT-IN",4.25679714879924,3.08641677537366,5.42717752222481,0
"WA-IN",2.90991289436766,2.3583673525176,3.46145843621773,0
"WV-IN",-1.07448214150415,-1.85290402996456,-0.29606025304374,4.33157416899199e-05
"WY-IN",3.39552838366646,1.99556317180277,4.79549359553015,3.49942297361849e-13
"KY-KS",-2.48649711794275,-3.19379734588145,-1.77919689000405,0
"LA-KS",-2.67822405578808,-3.38580154576578,-1.97064656581037,0
"MA-KS",2.28934663293413,1.61840454528353,2.96028872058472,0
"MD-KS",0.64848652886397,-0.0296667010947511,1.32663975882269,0.0905731782632465
"MI-KS",-0.710891285879683,-1.3261084250716,-0.0956741466877641,0.0040524311629454
"MN-KS",2.41801247954058,1.73749331191856,3.09853164716259,0
"MO-KS",-1.09384288613666,-1.77052486419367,-0.417160908079637,1.41085510940719e-07
"MS-KS",-3.02395766889427,-3.82051211393852,-2.22740322385001,0
"MT-KS",0.767924497600703,-0.297003267180511,1.83285226238192,0.727976165096368
"NC-KS",-0.653993907507129,-1.28972916305581,-0.0182586519584476,0.0328856910983756
"ND-KS",1.34602404511169,0.166179340028887,2.52586875019449,0.00526118055388158
"NE-KS",0.976008598710578,0.124549141620867,1.82746805580029,0.0047791496408407
"NH-KS",1.90512933698294,0.878581269762012,2.93167740420386,1.70449765413139e-10
"NJ-KS",1.53974578848562,0.900458464029936,2.1790331129413,3.72812891669128e-13
"NM-KS",0.49585421494281,-0.375027155358645,1.36673558524426,0.987270662547913
"NV-KS",-0.501740782652405,-1.31143395642982,0.307952391125011,0.950913007041351
"NY-KS",2.27597583073872,1.69056110393492,2.86139055754251,0
"OH-KS",-1.48379946471343,-2.09438679720704,-0.87321213221982,6.08402217494586e-13
"OK-KS",-2.18056603483878,-2.8957032755477,-1.46542879412985,0
"OR-KS",1.03699905735962,0.283319639531351,1.79067847518789,4.77860464491719e-05
"PA-KS",0.00991796165256176,-0.594696137424962,0.614532060730086,1
"RI-KS",1.03436882533076,-0.0837083795491871,2.15244603021071,0.133513008739776
"SC-KS",-1.48763773515209,-2.19876332906015,-0.776512141244034,6.08735284401973e-13
"SD-KS",1.73666077680004,0.588360086112602,2.88496146748747,1.97338463481245e-06
"TN-KS",-2.52057358802456,-3.194234761773,-1.84691241427612,0
"TX-KS",-0.186915171119239,-0.770946774303722,0.397116432065245,0.999999998463386
"UT-KS",1.31551887863638,0.482123125292839,2.14891463197993,3.76902359544573e-07
"VA-KS",0.275779625262857,-0.3752677282266,0.926826978752313,0.999986682955451
"VT-KS",2.97138668247422,1.73958737124128,4.20318599370715,3.67705865755852e-13
"WA-KS",1.62450242804265,0.952385020598951,2.29661983548634,3.60822483003176e-13
"WV-KS",-2.35989260782917,-3.22792484288062,-1.49186037277771,4.7839510131098e-13
"WY-KS",2.11011791734144,0.658414807513984,3.5618210271689,8.1024400641061e-06
"LA-KY",-0.191726937845331,-0.831690002229958,0.448236126539295,0.999999999862366
"MA-KY",4.77584375087687,4.17663585337021,5.37505164838354,0
"MD-KY",3.13498364680672,2.52771218958445,3.74225510402898,0
"MI-KY",1.77560583206306,1.23952846095988,2.31168320316625,0
"MN-KY",4.90450959748333,4.2945971800377,5.51442201492896,0
"MO-KY",1.39265423180609,0.787026195070199,1.99828226854198,5.81201753391269e-13
"MS-KY",-0.537460550951522,-1.2746076213338,0.199686519430753,0.702077415361513
"MT-KY",3.25442161554345,2.23316848156768,4.27567474951922,0
"NC-KY",1.83250321043562,1.27299795165697,2.39200846921426,0
"ND-KY",3.83252116305444,2.69194221025663,4.97310011585224,0
"NE-KY",3.46250571665333,2.66634616824552,4.25866526506113,0
"NH-KY",4.39162645492569,3.41045992789348,5.37279298195789,0
"NJ-KY",4.02624290642837,3.46270488405266,4.58978092880407,0
"NM-KY",2.98235133288556,2.16545404399818,3.79924862177294,0
"NV-KY",1.98475633529034,1.23343093633516,2.73608173424552,4.85611550971043e-13
"NY-KY",4.76247294868146,4.2608782698698,5.26406762749312,0
"OH-KY",1.00269765322932,0.471939977773682,1.53345532868496,6.24552631833808e-11
"OK-KY",0.305931083103971,-0.342380641687575,0.954242807895517,0.999764830507329
"OR-KY",3.52349617530237,2.83290260140281,4.21408974920193,0
"PA-KY",2.49641507959531,1.97254006753925,3.02029009165137,0
"RI-KY",3.52086594327351,2.44430500420616,4.59742688234085,0
"SC-KY",0.998859382790656,0.35497551922169,1.64274324635962,7.5109971386933e-07
"SD-KY",4.22315789474278,3.11524034560537,5.3310754438802,0
"TN-KY",-0.0340764700818141,-0.636327411525278,0.56817447136165,1
"TX-KY",2.29958194682351,1.79960221426263,2.79956167938439,0
"UT-KY",3.80201599657913,3.02520501497262,4.57882697818563,0
"VA-KY",2.7622767432056,2.18543233095995,3.33912115545126,0
"VT-KY",5.45788380041697,4.26364079222837,6.65212680860556,0
"WA-KY",4.11099954598539,3.51047591710619,4.7115231748646,0
"WV-KY",0.12660451011358,-0.687254679514351,0.940463699741511,1
"WY-KY",4.59661503528419,3.17664012757063,6.01658994299774,0
"MA-LA",4.9675706887222,4.36803553853052,5.56710583891389,0
"MD-LA",3.32671058465205,2.7191162177938,3.93430495151029,0
"MI-LA",1.9673327699084,1.43088963248383,2.50377590733296,0
"MN-LA",5.09623653532866,4.48600260572839,5.70647046492893,0
"MO-LA",1.58438116965142,0.978429347505814,2.19033299179703,5.19695397827036e-13
"MS-LA",-0.345733613106191,-1.08314672341423,0.391679497201853,0.99979975951475
"MT-LA",3.44614855338878,2.42470337349104,4.46759373328653,0
"NC-LA",2.02423014828095,1.46437442893714,2.58408586762476,0
"ND-LA",4.02424810089977,2.88349719055766,5.16499901124188,0
"NE-LA",3.65423265449866,2.85782677907964,4.45063852991767,0
"NH-LA",4.58335339277102,3.60198697514229,5.56471981039974,0
"NJ-LA",4.2179698442737,3.65408386772868,4.78185582081871,0
"NM-LA",3.17407827073089,2.35694090622443,3.99121563523735,0
"NV-LA",2.17648327313567,1.42489685295755,2.9280696933138,0
"NY-LA",4.95419988652679,4.4522143153266,5.45618545772699,0
"OH-LA",1.19442459107465,0.663297485820095,1.72555169632921,3.31179528245684e-13
"OK-LA",0.497658020949302,-0.150956182089146,1.14627222398775,0.570620524856368
"OR-LA",3.7152231131477,3.02434557248482,4.40610065381058,0
"PA-LA",2.68814201744064,2.16389272546425,3.21239130941703,0
"RI-LA",3.71259288111884,2.63584976068269,4.78933600155499,0
"SC-LA",1.19058632063599,0.546397899717456,1.83477474155452,2.14271045351211e-10
"SD-LA",4.41488483258811,3.30679025739714,5.52297940777909,0
"TN-LA",0.157650467763517,-0.44492607372358,0.760227009250614,0.999999999999374
"TX-LA",2.49130888466884,1.99093699811579,2.99168077122189,0
"UT-LA",3.99374293442446,3.21667949233915,4.77080637650977,0
"VA-LA",2.95400368105093,2.37681933630478,3.53118802579709,0
"VT-LA",5.6496107382623,4.45520349846158,6.84401797806301,0
"WA-LA",4.30272648383072,3.70187631887838,4.90357664878307,0
"WV-LA",0.318331447958911,-0.495768713214666,1.13243160913249,0.999998753630438
"WY-LA",4.78834197312952,3.36822893874911,6.20845500750993,0
"MD-MA",-1.64086010407016,-2.20536723006208,-1.07635297807823,0
"MI-MA",-3.00023791881381,-3.48734018769346,-2.51313564993416,0
"MN-MA",0.128665846606452,-0.438681339420918,0.696013032633823,1
"MO-MA",-3.38318951907078,-3.94592834963019,-2.82045068851137,0
"MS-MA",-5.3133043018284,-6.01564003060202,-4.61096857305477,0
"MT-MA",-1.52142213533342,-2.51783953592121,-0.525004734745635,1.38044273290117e-06
"NC-MA",-2.94334054044126,-3.45611320658071,-2.4305678743018,0
"ND-MA",-0.943322587822436,-2.06171876990826,0.175073594263385,0.317497667018308
"NE-MA",-1.31333803422355,-2.07737972095256,-0.549296347494532,8.87939088922707e-09
"NH-MA",-0.384217295951188,-1.33950648060013,0.57107188869775,0.99999706506369
"NJ-MA",-0.749600844448508,-1.2667708118692,-0.232430877027817,8.92517655104452e-06
"NM-MA",-1.79349241799132,-2.57912009897663,-1.00786473700601,6.26276808191051e-13
"NV-MA",-2.79108741558653,-3.50828998645055,-2.07388484472251,0
"NY-MA",-0.0133708021954106,-0.462243717786203,0.435502113395381,1
"OH-MA",-3.77314609764755,-4.25438759896875,-3.29190459632636,0
"OK-MA",-4.4699126677729,-5.07835146094851,-3.86147387459729,0
"OR-MA",-1.2523475755745,-1.90565390253773,-0.599041248611281,2.68024491489882e-11
"PA-MA",-2.27942867128156,-2.7530685141955,-1.80578882836763,0
"RI-MA",-1.25497780760337,-2.30800825733612,-0.201947357870613,0.00208363748961771
"SC-MA",-3.77698436808622,-4.38070293025182,-3.17326580592062,0
"SD-MA",-0.55268585613409,-1.63775312051241,0.532381408244231,0.998598571310235
"TN-MA",-4.80992022095869,-5.36902295660603,-4.25081748531134,0
"TX-MA",-2.47626180405337,-2.92332936663251,-2.02919424147423,0
"UT-MA",-0.973827754297744,-1.71768592201742,-0.229969586578073,0.00020203896815052
"VA-MA",-2.01356700767127,-2.54520518206984,-1.4819288332727,0
"VT-MA",0.682040049540092,-0.491035410584341,1.85511550966452,0.981749593340246
"WA-MA",-0.66484420489148,-1.22208589516694,-0.107602514616022,0.00203269795821903
"WV-MA",-4.64923924076329,-5.43170742099853,-3.86677106052806,0
"WY-MA",-0.179228715592686,-1.5814478179711,1.22299038678573,1
"MI-MD",-1.35937781474365,-1.85636588167304,-0.862389747814267,4.83835194131643e-13
"MN-MD",1.76952595067661,1.19366889565715,2.34538300569606,0
"MO-MD",-1.74232941500063,-2.31364676091433,-1.17101206908692,0
"MS-MD",-3.67244419775824,-4.38167194272771,-2.96321645278877,0
"MT-MD",0.119437968736733,-0.881849280016905,1.12072521749037,1
"NC-MD",-1.3024804363711,-1.82465313334238,-0.780307739399813,4.27102797573298e-13
"ND-MD",0.697537516247721,-0.425199558238842,1.82027459073428,0.949064178313085
"NE-MD",0.327522069846609,-0.442859794803789,1.09790393449701,0.999985233116265
"NH-MD",1.25664280811897,0.296275199007886,2.21701041723005,0.000204839808542689
"NJ-MD",0.891259259621648,0.364767765365167,1.41775075387813,1.82516884938977e-08
"NM-MD",-0.15263231392116,-0.944427345133695,0.639162717291375,1
"NV-MD",-1.15022731151637,-1.87418038042103,-0.426274242611723,2.89308986212156e-07
"NY-MD",1.62748930187475,1.16790752169468,2.08707108205482,0
"OH-MD",-2.1322859935774,-2.62353124894011,-1.64104073821468,0
"OK-MD",-2.82905256370275,-3.44543416901191,-2.21267095839359,0
"OR-MD",0.388512528495653,-0.27219744961326,1.04922250660457,0.977988449257989
"PA-MD",-0.638568567211408,-1.12236937241748,-0.154767762005335,0.00016107798305165
"RI-MD",0.385882296466789,-0.671757361633677,1.44352195456726,0.999999861974591
"SC-MD",-2.13612426401606,-2.74784693044735,-1.52440159758477,0
"SD-MD",1.08817424793607,-0.00136670427635788,2.17771520014849,0.0508974911202911
"TN-MD",-3.16906011688853,-3.73679631208032,-2.60132392169674,0
"TX-MD",-0.835401699983208,-1.29322035822352,-0.3775830417429,4.29225210929474e-10
"UT-MD",0.667032349772413,-0.0833365541713542,1.41740125371618,0.20163509569054
"VA-MD",-0.372706903601113,-0.913417238993682,0.168003431791455,0.820874547555383
"VT-MD",2.32290015361025,1.14568540961973,3.50011489760076,5.24147392155783e-12
"WA-MD",0.976015899178677,0.410112356422888,1.54191944193447,7.56157236825317e-09
"WV-MD",-3.00837913669314,-3.79703937494732,-2.21971889843896,0
"WY-MD",1.46163138847747,0.0559475942344601,2.86731518272048,0.0278150367499939
"MN-MI",3.12890376542026,2.62869213733898,3.62911539350154,0
"MO-MI",-0.382951600256973,-0.877930220799235,0.112027020285289,0.547964808927091
"MS-MI",-2.31306638301459,-2.96237703230853,-1.66375573372064,0
"MT-MI",1.47881578348039,0.519036392386435,2.43859517457434,9.77426906412227e-07
"NC-MI",0.0568973783725539,-0.380440763703241,0.494235520448349,1
"ND-MI",2.05691533099137,0.971033724425221,3.14279693755753,5.35694821834909e-11
"NE-MI",1.68689988459026,0.971296263558151,2.40250350562237,4.57522908448027e-13
"NH-MI",2.61602062286262,1.69901120650869,3.53303003921655,0
"NJ-MI",2.2506370743653,1.80815134739045,2.69312280134016,0
"NM-MI",1.20674550082249,0.468138909662556,1.94535209198243,8.94058921341312e-08
"NV-MI",0.209150503227278,-0.456212834377453,0.874513840832009,0.999999999196129
"NY-MI",2.9868671166184,2.62656760548145,3.34716662775535,0
"OH-MI",-0.772908178833745,-1.17281094947734,-0.373005408190154,1.65190083833977e-11
"OK-MI",-1.46967474895909,-2.01605063460517,-0.923298863313012,4.35318447955524e-13
"OR-MI",1.74789034323931,1.15195578288496,2.34382490359365,0
"PA-MI",0.720809247532245,0.330087422994521,1.11153107206997,2.36960340238568e-10
"RI-MI",1.74526011121044,0.726828978811734,2.76369124360915,1.02754950104256e-08
"SC-MI",-0.776746449272409,-1.31786098952969,-0.235631909015128,1.23649864408604e-05
"SD-MI",2.44755206267972,1.39602944685065,3.49907467850878,5.23803223018149e-13
"TN-MI",-1.80968230214488,-2.30052312398317,-1.31884148030659,0
"TX-MI",0.523976114760444,0.16592828431736,0.882023945203528,6.41740256479562e-06
"UT-MI",2.02641016451607,1.33239732813779,2.72042300089434,0
"VA-MI",0.986670911142539,0.527358390245942,1.44598343203914,4.57189841540639e-13
"VT-MI",3.6822779683539,2.54015937621003,4.82439656049777,0
"WA-MI",2.33539371392233,1.84667380972812,2.82411361811654,0
"WV-MI",-1.64900132194948,-2.38424638072593,-0.913756263173036,3.40838468559923e-13
"WY-MI",2.82100920322112,1.44458366783991,4.19743473860234,9.62785406954936e-13
"MO-MN",-3.51185536567723,-4.08597908399881,-2.93773164735566,0
"MS-MN",-5.44197014843485,-6.15346050566535,-4.73047979120434,0
"MT-MN",-1.65008798193988,-2.65297914687959,-0.647196817000158,6.58530798780532e-08
"NC-MN",-3.07200638704771,-3.5972481025081,-2.54676467158731,0
"ND-MN",-1.07198843442889,-2.19615615884734,0.0521792899895634,0.0937478005109291
"NE-MN",-1.44200388083,-2.21446925324467,-0.669538508415328,1.22949095349156e-10
"NH-MN",-0.512883142557641,-1.47492289164665,0.449156606531373,0.99633501709849
"NJ-MN",-0.878266691054961,-1.40780217402276,-0.348731208087164,4.62291328551245e-08
"NM-MN",-1.92215826459777,-2.71598060344342,-1.12833592575212,3.59268170768701e-13
"NV-MN",-2.91975326219298,-3.64592306339239,-2.19358346099358,0
"NY-MN",-0.142036648801863,-0.605102461479712,0.321029163875986,0.999999999671208
"OH-MN",-3.90181194425401,-4.39631819812133,-3.40730569038668,0
"OK-MN",-4.59857851437935,-5.21756221170992,-3.97959481704879,0
"OR-MN",-1.38101342218096,-2.04415157473304,-0.717875269628869,6.59250432022418e-13
"PA-MN",-2.40809451788802,-2.89520616147248,-1.92098287430355,0
"RI-MN",-1.38364365420982,-2.44280189573201,-0.324485412687626,0.000214239216084988
"SC-MN",-3.90565021469267,-4.51999470667036,-3.29130572271498,0
"SD-MN",-0.681351702740542,-1.77236683588282,0.40966343040174,0.945217158116431
"TN-MN",-4.93858606756514,-5.50914624977939,-4.36802588535089,0
"TX-MN",-2.60492765065982,-3.06624365735205,-2.14361164396758,0
"UT-MN",-1.1024936009042,-1.85500142558331,-0.349985776225087,6.16872884484643e-06
"VA-MN",-2.14223285427772,-2.6859075741221,-1.59855813443335,0
"VT-MN",0.553374202933639,-0.625205063669234,1.73195346953651,0.999792387672654
"WA-MN",-0.793510051497933,-1.36224668114391,-0.224773421851953,3.10384994990365e-05
"WV-MN",-4.77790508736975,-5.56860067076493,-3.98720950397456,0
"WY-MN",-0.307894562199138,-1.71472129765555,1.09893217325727,1
"MS-MO",-1.93011478275761,-2.63793586916165,-1.22229369635358,4.89719376162157e-13
"MT-MO",1.86176738373736,0.861476000869175,2.86205876660554,1.45154221975474e-10
"NC-MO",0.439848978629527,-0.0804115537828204,0.960109511041875,0.311770093205011
"ND-MO",2.43986693124835,1.31801790640126,3.56171595609543,4.14335232790108e-13
"NE-MO",2.06985148484723,1.30076441987608,2.83893854981838,5.04929431599521e-13
"NH-MO",2.99897222311959,2.03964295704175,3.95830148919744,0
"NJ-MO",2.63358867462227,2.10899360254464,3.15818374669991,0
"NM-MO",1.58969710107947,0.799161796632806,2.38023240552613,1.99973371195483e-12
"NV-MO",0.592102103484251,-0.130472973653189,1.31467718062169,0.391373853070206
"NY-MO",3.36981871687537,2.91241068371767,3.82722675003307,0
"OH-MO",-0.389956578576772,-0.87916879943812,0.0992556422845756,0.46597570881794
"OK-MO",-1.08672314870212,-1.70148568780743,-0.471960609596808,2.24528073911046e-09
"OR-MO",2.13084194349628,1.47164214730669,2.79004173968587,0
"PA-MO",1.10376084778922,0.622024493294606,1.58549720228383,6.08624262099511e-13
"RI-MO",2.12821171146742,1.07151480955534,3.18490861337949,1.8641754806481e-12
"SC-MO",-0.393794849015435,-1.00388608542973,0.216296387398857,0.915054541271839
"SD-MO",2.83050366293669,1.74187783985896,3.91912948601443,4.55302462398777e-13
"TN-MO",-1.42673070188791,-1.99270869037735,-0.860752713398459,5.76205749780456e-13
"TX-MO",0.906927715017417,0.451291215210093,1.36256421482474,3.29514193708746e-12
"UT-MO",2.40936176477304,1.66032225438024,3.15840127516584,0
"VA-MO",1.36962251139951,0.830758555540469,1.90848646725856,4.9427129056312e-13
"VT-MO",4.06522956861087,2.88886174790497,5.24159738931678,0
"WA-MO",2.7183453141793,2.15420568977124,3.28248493858736,0
"WV-MO",-1.26604972169251,-2.05344521795018,-0.478654225434847,1.76533635043441e-07
"WY-MO",3.2039608034781,1.79898620387811,4.60893540307808,6.29940544172314e-13
"MT-MS",3.79188216649497,2.70690136706443,4.87686296592552,0
"NC-MS",2.36996376138714,1.70118015955574,3.03874736321854,0
"ND-MS",4.36998171400596,3.17200603852546,5.56795738948646,0
"NE-MS",3.99996626760485,3.12355574849948,4.87637678671021,0
"NH-MS",4.92908700587721,3.88175080138218,5.97642321037224,0
"NJ-MS",4.56370345737989,3.89154240960879,5.23586450515098,0
"NM-MS",3.51981188383708,2.62452056137876,4.4151032062954,0
"NV-MS",2.52221688624186,1.68632501130063,3.3581087611831,0
"NY-MS",5.29993349963298,4.67878730646281,5.92107969280316,0
"OH-MS",1.54015820418084,0.895232563868183,2.1850838444935,4.06341627012807e-13
"OK-MS",0.843391634055493,0.0987215970727965,1.58806167103819,0.00608380542589637
"OR-MS",4.06095672625389,3.27919918341277,4.84271426909502,0
"PA-MS",3.03387563054683,2.39460229328462,3.67314896780904,0
"RI-MS",4.05832649422503,2.92113309510455,5.19551989334551,0
"SC-MS",1.53631993374218,0.795501601597164,2.27713826588719,7.21089854494039e-13
"SD-MS",4.76061844569431,3.593696568633,5.92754032275561,0
"TN-MS",0.503384080869708,-0.201549652148623,1.20831781388804,0.74994726929099
"TX-MS",2.83704249777503,2.21719969153358,3.45688530401648,0
"UT-MS",4.33947654753065,3.48060480354201,5.19834829151929,0
"VA-MS",3.29973729415713,2.61638171510866,3.98309287320559,0
"VT-MS",5.99534435136849,4.74616792904658,7.2445207736904,0
"WA-MS",4.64846009693692,3.94500149806996,5.35191869580388,0
"WV-MS",0.664065061065102,-0.228455051884434,1.55658517401464,0.65185272003765
"WY-MS",5.13407558623571,3.66759881860052,6.6005523538709,0
"NC-MT",-1.42191840510783,-2.39497732745567,-0.448859482759995,6.75045512210648e-06
"ND-MT",0.578099547510988,-0.812841816934369,1.96904091195634,0.999992279012336
"NE-MT",0.208084101109876,-0.91782333659568,1.33399153881543,1
"NH-MT",1.13720483938224,-0.126316147989246,2.40072582675372,0.178532595746218
"NJ-MT",0.771821290884915,-0.203562036029631,1.74720461779946,0.486067402217151
"NM-MT",-0.272070282657893,-1.41273619007835,0.86859562476256,1
"NV-MT",-1.26966528025311,-2.36432841879159,-0.175002141714621,0.0037467479005634
"NY-MT",1.50805133313801,0.567097161261429,2.4490055050146,2.02155453377095e-07
"OH-MT",-2.25172396231413,-3.20854225322147,-1.29490567140679,4.70068428626291e-13
"OK-MT",-2.94849053243948,-3.97518699403948,-1.92179407083948,0
"OR-MT",0.26907455975892,-0.784831041360624,1.32298016087846,1
"PA-MT",-0.758006535948141,-1.71102414334924,0.195011071452956,0.471955886432288
"RI-MT",0.266444327730056,-1.0725033886821,1.60539204414222,1
"SC-MT",-2.25556223275279,-3.27946845967217,-1.23165600583342,3.83360010403067e-13
"SD-MT",0.968736279199334,-0.395550650829106,2.33302320922777,0.762186690237224
"TN-MT",-3.28849808562526,-4.2867484190734,-2.29024775217713,0
"TX-MT",-0.954839668719941,-1.89493395374215,-0.01474538369773,0.0398825959291493
"UT-MT",0.54759438103568,-0.564715302867251,1.65990406493861,0.999350535905644
"VA-MT",-0.492144872337846,-1.47527609842051,0.490986353744822,0.999048070849077
"VT-MT",2.20346218487352,0.768187335108803,3.63873703463823,1.12285965403469e-06
"WA-MT",0.856577930441944,-0.140631255537617,1.8537871164215,0.274221068828288
"WV-MT",-3.12781710542987,-4.26630922762554,-1.9893249832342,4.62407889756378e-13
"WY-MT",1.34219341974074,-0.285727423020326,2.9701142625018,0.37522115168066
"ND-NC",2.00001795261882,0.902381377849762,3.09765452738788,4.63778460080277e-10
"NE-NC",1.63000250621771,0.896684206141727,2.36332080629369,3.57158747021913e-13
"NH-NC",2.55912324449007,1.62822397148904,3.49002251749109,4.67403893367191e-13
"NJ-NC",2.19373969599275,1.72314347270943,2.66433591927607,0
"NM-NC",1.14984812244994,0.394065823572173,1.9056304213277,1.58086288581938e-06
"NV-NC",0.152253124854724,-0.532126563491274,0.836632813200722,1
"NY-NC",2.92996973824584,2.53565650676916,3.32428296972253,0
"OH-NC",-0.829805557206299,-1.26060645409543,-0.399004660317168,2.0187851390574e-11
"OK-NC",-1.52657212733165,-2.09595231245192,-0.957191942211373,4.8061554736023e-13
"OR-NC",1.69099296486675,1.07389881725491,2.30808711247859,4.83613149526718e-13
"PA-NC",0.663911869159691,0.241619635082214,1.08620410323717,4.43116987214331e-07
"RI-NC",1.68836273283789,0.657407273940185,2.71931819173559,8.0728994267254e-08
"SC-NC",-0.833643827644963,-1.39797717990221,-0.269310475387711,4.62150780233817e-06
"SD-NC",2.39065468430717,1.32699731541808,3.45431205319625,3.40838468559923e-13
"TN-NC",-1.86657968051743,-2.3829050616241,-1.35025429941076,0
"TX-NC",0.46707873638789,0.0748218872736165,0.859335585502164,0.00212418806660475
"UT-NC",1.96951278614351,1.25724808545291,2.68177748683411,3.37285754881123e-13
"VA-NC",0.929773532769985,0.443321912724944,1.41622515281503,3.18040038749245e-11
"VT-NC",3.62538058998135,2.47208008043808,4.77868109952461,0
"WA-NC",2.27849633554978,1.76418676773322,2.79280590336633,0
"WV-NC",-1.70589870032204,-2.45839619749212,-0.953401203151954,3.23185922468383e-13
"WY-NC",2.76411182484857,1.37839380113612,4.14982984856102,2.95485858003985e-12
"NE-ND",-0.370015446401112,-1.60517937972766,0.865148486925434,0.999999999862754
"NH-ND",0.559105291871248,-0.802675773292393,1.92088635703489,0.99999459370025
"NJ-ND",0.193721743373928,-0.905975950691539,1.29341943743939,1
"NM-ND",-0.85016983016888,-2.09880151976407,0.39846185942631,0.842208812704263
"NV-ND",-1.8477648277641,-3.0545165714069,-0.641013084121292,1.24108785781729e-06
"NY-ND",0.929951785627026,-0.139327007523742,1.99923057877779,0.246541305525918
"OH-ND",-2.82982350982512,-3.91308877084149,-1.74655824880875,4.04787314778332e-13
"OK-ND",-3.52659007995047,-4.67204545148267,-2.38113470841826,0
"OR-ND",-0.309024987752068,-1.47893071044136,0.860880734937227,0.999999999999087
"PA-ND",-1.33610608345913,-2.41601577594574,-0.256196390972518,0.000871222822845796
"RI-ND",-0.311655219780931,-1.74369689906103,1.12038645949916,1
"SC-ND",-2.83366178026378,-3.97661687362235,-1.69070668690522,4.66404692645028e-13
"SD-ND",0.390636731688346,-1.06512465375792,1.84639811713461,0.999999999998307
"TN-ND",-3.86659763313625,-4.98662714709529,-2.74656811917721,0
"TX-ND",-1.53293921623093,-2.60146139599204,-0.464417036469817,1.26030456286674e-05
"UT-ND",-0.030505166475308,-1.25328692002508,1.19227658707446,1
"VA-ND",-1.07024441984883,-2.17681994443305,0.0363311047353787,0.0785005638404768
"VT-ND",1.62536263736253,0.102872480324679,3.14785279440038,0.0180338709818587
"WA-ND",0.278478382930956,-0.840623285601458,1.39758005146337,1
"WV-ND",-3.70591665294086,-4.95256283218003,-2.45927047370169,0
"WY-ND",0.764093872229751,-0.941218021297621,2.46940576575712,0.999937715697793
"NH-NE",0.92912073827236,-0.160556896807758,2.01879837335248,0.291394642129095
"NJ-NE",0.56373718977504,-0.172662631849384,1.30013701139946,0.576739825204511
"NM-NE",-0.480154383767768,-1.42462819241305,0.464319424877511,0.998656287249862
"NV-NE",-1.47774938136298,-2.36611836424145,-0.589380398484515,4.05439051220924e-08
"NY-NE",1.29996723202814,0.609817381316322,1.99011708273995,7.39647232350649e-11
"OH-NE",-2.45980806342401,-3.17143528654046,-1.74818084030755,0
"OK-NE",-3.15657463354935,-3.95970456520896,-2.35344470188975,0
"OR-NE",0.0609904586490444,-0.776642562987961,0.89862348028605,1
"PA-NE",-0.966090637058016,-1.67259939346667,-0.259581880649361,5.76689762211702e-05
"RI-NE",0.0583602266201808,-1.11794460213422,1.23466505537459,1
"SC-NE",-2.46364633386267,-3.26320622804813,-1.66408643967721,0
"SD-NE",0.760652178089458,-0.444416654098984,1.9657210102779,0.936573030820949
"TN-NE",-3.49658218673514,-4.26301273877159,-2.73015163469868,0
"TX-NE",-1.16292376982982,-1.85190078511916,-0.47394675454047,2.08856175687444e-08
"UT-NE",0.339510279925804,-0.57051438774526,1.24953494759687,0.999999715702626
"VA-NE",-0.700228973447722,-1.44686079072074,0.0464028438252928,0.114347632408486
"VT-NE",1.99537808376364,0.710494448085797,3.28026171944148,7.20387718811111e-07
"WA-NE",0.648493829332068,-0.116580169355388,1.41356782801952,0.305523972094517
"WV-NE",-3.33590120653975,-4.27774852705789,-2.39405388602161,0
"WY-NE",1.13410931863086,-0.362900478652204,2.63111911591393,0.604742312288677
"NJ-NH",-0.36538354849732,-1.29871222829667,0.567945131302029,0.999998707508869
"NM-NH",-1.40927512204013,-2.51419525601563,-0.30435498806463,0.000405659775353895
"NV-NH",-2.40687011963534,-3.46423343325467,-1.34950680601602,6.44040376585053e-13
"NY-NH",0.370846493755778,-0.526440831288466,1.26813381880002,0.999993438161077
"OH-NH",-3.38892880169637,-4.30283855212469,-2.47501905126805,0
"OK-NH",-4.08569537182171,-5.07252636767413,-3.0988643759693,0
"OR-NH",-0.868130279623315,-1.88323953787301,0.146978978626383,0.284381979814206
"PA-NH",-1.89521137533038,-2.80514123533587,-0.985281515324882,6.60027588139656e-13
"RI-NH",-0.870760511652179,-2.17938986230822,0.437868839003859,0.877493927436106
"SC-NH",-3.39276707213503,-4.37669478880805,-2.40883935546201,0
"SD-NH",-0.168468560182902,-1.50301290847543,1.16607578810963,1
"TN-NH",-4.4257029250075,-5.3829038017008,-3.4685020483142,0
"TX-NH",-2.09204450810218,-2.98843005843447,-1.19565895776988,5.06483743833996e-13
"UT-NH",-0.589610458346556,-1.66523242865831,0.4860115119652,0.993665619124592
"VA-NH",-1.62934971172008,-2.57077246362908,-0.68792695981108,6.38949126940958e-09
"VT-NH",1.06625734549128,-0.340776301753954,2.47329099273651,0.6039625208908
"WA-NH",-0.280626908940292,-1.23674193900473,0.675488121124149,0.9999999999361
"WV-NH",-4.2650219448121,-5.36769782756946,-3.16234606205475,0
"WY-NH",0.204988580358503,-1.39808847967604,1.80806564039305,1
"NM-NJ",-1.04389157354281,-1.80266416883017,-0.285118978255447,4.79473857523116e-05
"NV-NJ",-2.04148657113802,-2.72916711171099,-1.35380603056506,0
"NY-NJ",0.736230042253098,0.336215176804649,1.13624490770155,2.69321120960342e-10
"OH-NJ",-3.02354525319905,-3.45957091852465,-2.58751958787344,0
"OK-NJ",-3.72031182332439,-4.29365531833393,-3.14696832831485,0
"OR-NJ",-0.502746731125995,-1.12349962485984,0.118006162607847,0.422658350863331
"PA-NJ",-1.52982782683306,-1.95744880272678,-1.10220685093933,0
"RI-NJ",-0.505376963154859,-1.53852657782503,0.527772651515315,0.999440677515608
"SC-NJ",-3.02738352363771,-3.59571538138639,-2.45905166588903,0
"SD-NJ",0.196914988314418,-0.868869214258605,1.26269919088744,1
"TN-NJ",-4.06031937651018,-4.5810120567325,-3.53962669628786,0
"TX-NJ",-1.72666095960486,-2.12464890381827,-1.32867301539145,0
"UT-NJ",-0.224226909849236,-0.939663819654726,0.491209999956254,0.999999999277826
"VA-NJ",-1.26396616322276,-1.75505082670412,-0.772881499741399,4.01567668006919e-13
"VT-NJ",1.4316408939886,0.276378571667427,2.58690321630977,0.000837714382888044
"WA-NJ",0.0847566395570283,-0.433937200400428,0.603450479514485,1
"WV-NJ",-3.89963839631478,-4.65513919135699,-3.14413760127258,0
"WY-NJ",0.570372128855823,-0.816979091745394,1.95772334945704,0.999994375631301
"NV-NM",-0.997594997595215,-1.90459588172442,-0.0905941134660103,0.0106368012870102
"NY-NM",1.78012161579591,1.06614824758938,2.49409498400244,4.21884749357559e-13
"OH-NM",-1.97965367965624,-2.71440837256474,-1.24489898674773,4.82391904199631e-13
"OK-NM",-2.67642024978159,-3.50011245030202,-1.85272804926115,0
"OR-NM",0.541144842416813,-0.316223359120529,1.39851304395415,0.936628511490431
"PA-NM",-0.485936253290248,-1.21573470283145,0.243862196250952,0.876540995005748
"RI-NM",0.538514610387949,-0.651924050031631,1.72895327080753,0.99991987440643
"SC-NM",-1.9834919500949,-2.80370361695932,-1.16328028323049,3.59046126163776e-13
"SD-NM",1.24080656185723,0.0219373956286886,2.45967572808576,0.0385531482972499
"TN-NM",-3.01642780296737,-3.80437890878901,-2.22847669714573,0
"TX-NM",-0.682769386062049,-1.39560911676429,0.0300703446401979,0.0887564960631332
"UT-NM",0.819664663693572,-0.108557319368919,1.74788664675606,0.214733439395919
"VA-NM",-0.220074589679953,-0.988781441890234,0.548632262530328,0.999999999975241
"VT-NM",2.47553246753141,1.17769691889539,3.77336801616742,3.58303386960301e-11
"WA-NM",1.12864821309984,0.342016547364057,1.91527987883562,1.25588999769777e-05
"WV-NM",-2.85574682277198,-3.8151880816502,-1.89630556389375,0
"WY-NM",1.61426370239863,0.106122632328552,3.12240477246871,0.0172451371513023
"NY-NV",2.77771661339112,2.13980859099935,3.41562463578289,0
"OH-NV",-0.982058682061023,-1.64314349755347,-0.32097386656858,3.78665408806711e-06
"OK-NV",-1.67882525218637,-2.43753304555731,-0.920117458815434,3.73923114693753e-13
"OR-NV",1.53873984001203,0.743599030135575,2.33388064988848,1.5328960323302e-11
"PA-NV",0.511658744304967,-0.14391310643021,1.16723059504014,0.523957383678248
"RI-NV",1.53610960798316,0.38967475211687,2.68254446384946,0.000105048928669249
"SC-NV",-0.985896952499687,-1.74082466624724,-0.230969238752135,0.000216098964958333
"SD-NV",2.23840155945244,1.06247183412603,3.41433128477886,4.03798106063391e-11
"TN-NV",-2.01883280537216,-2.73857971900857,-1.29908589173574,1.41442413337245e-13
"TX-NV",0.314825611533166,-0.321813341242468,0.951464564308801,0.999279690978326
"UT-NV",1.81725966128879,0.946188639865121,2.68833068271245,6.3593574850529e-13
"VA-NV",0.777520407915262,0.0788939704262099,1.47614684540431,0.008535904722629
"VT-NV",3.47312746512662,2.21553222585965,4.7307227043936,3.59046126163776e-13
"WA-NV",2.12624321069505,1.40794100962516,2.84454541176494,0
"WV-NV",-1.85815182517676,-2.76241738559662,-0.953886264756904,8.98614516131602e-13
"WY-NV",2.61185869999385,1.13820400443056,4.08551339555713,1.96528571194676e-09
"OH-NY",-3.75977529545214,-4.1121110727608,-3.40743951814349,0
"OK-NY",-4.45654186557749,-4.96912832893642,-3.94395540221856,0
"OR-NY",-1.23897677337909,-1.80409293332145,-0.673860613436734,3.99236199655206e-13
"PA-NY",-2.26605786908615,-2.60793769910448,-1.92417803906782,0
"RI-NY",-1.24160700540796,-2.2423168761708,-0.240897134645112,0.000813470746062084
"SC-NY",-3.76361356589081,-4.27058814087571,-3.2566389909059,0
"SD-NY",-0.53931505393868,-1.57368350164156,0.495053393764205,0.997683713838871
"TN-NY",-4.79654941876328,-5.24947655019411,-4.34362228733244,0
"TX-NY",-2.46289100185795,-2.76689186187035,-2.15889014184556,0
"UT-NY",-0.960456952102334,-1.62819349525471,-0.292720408949956,1.1553635910766e-05
"VA-NY",-2.00019620547586,-2.41874878981343,-1.58164362113829,0
"VT-NY",0.695410851735502,-0.430934189769973,1.82175589324098,0.95341974458675
"WA-NY",-0.65147340269607,-1.10210120782894,-0.200845597563197,9.73910897572594e-06
"WV-NY",-4.63586843856788,-5.34636373796011,-3.92537313917565,0
"WY-NY",-0.165857913397275,-1.52922342874991,1.19750760195536,1
"OK-OH",-0.696766570125348,-1.23792400623956,-0.155609134011133,0.000316655134474653
"OR-OH",2.52079852207305,1.92964476671756,3.11195227742854,0
"PA-OH",1.49371742636599,1.11032688603373,1.87710796669824,0
"RI-OH",2.51816829004419,1.50252724435674,3.53380933573163,4.5852210917019e-13
"SC-OH",-0.00383827043866347,-0.539683124779936,0.532006583902609,1
"SD-OH",3.22046024151346,2.17163967828724,4.26928080473969,0
"TN-OH",-1.03677412331113,-1.5217993542312,-0.551748892391071,4.75064432237104e-13
"TX-OH",1.29688429359419,0.946851422093282,1.6469171650951,0
"UT-OH",2.79931834334981,2.10940633497194,3.48923035172768,0
"VA-OH",1.75957908997628,1.30648665558948,2.21267152436309,0
"VT-OH",4.45518614718765,3.31555478540136,5.59481750897393,0
"WA-OH",3.10830189275607,2.62542312225382,3.59118066325833,0
"WV-OH",-0.876093143115739,-1.60746859984187,-0.14471768638961,0.00185829968446505
"WY-OH",3.59391738205487,2.21955497835792,4.96827978575181,5.14033260401447e-13
"OR-OK",3.2175650921984,2.51894706715323,3.91618311724357,0
"PA-OK",2.19048399649134,1.65607526820991,2.72489272477277,0
"RI-OK",3.21493486016954,2.13320887077471,4.29666084956436,0
"SC-OK",0.692928299686685,0.0404452804661547,1.34541131890721,0.0197055147328729
"SD-OK",3.91722681163881,2.8042897261334,5.03016389714423,0
"TN-OK",-0.340007553185785,-0.951443450951183,0.271428344579613,0.991698399238448
"TX-OK",1.99365086371954,1.48264460781039,2.50465711962869,0
"UT-OK",3.49608491347516,2.71213149537488,4.28003833157543,0
"VA-OK",2.45634566010163,1.86991822508032,3.04277309512295,0
"VT-OK",5.15195271731299,3.9530515440656,6.35085389056039,0
"WA-OK",3.80506846288142,3.19533385713161,4.41480306863124,0
"WV-OK",-0.179326572990391,-1.0000058289415,0.641352682960722,1
"WY-OK",4.29068395218022,2.86678915299639,5.71457875136405,0
"PA-OR",-1.02708109570706,-1.61206321566677,-0.442098975747347,3.15669834716203e-09
"RI-OR",-0.00263023202886359,-1.11021431820083,1.1049538541431,1
"SC-OR",-2.52463679251171,-3.21914775871766,-1.83012582630576,0
"SD-OR",0.699661719440414,-0.438424546227735,1.83774798510856,0.956217417917725
"TN-OR",-3.55757264538418,-4.2136711508583,-2.90147413991007,0
"TX-OR",-1.22391422847886,-1.78759745990186,-0.660230997055863,4.26658708363448e-13
"UT-OR",0.27851982127676,-0.540744698619157,1.09778434117268,0.999999987152534
"VA-OR",-0.761219432096766,-1.39407686339931,-0.128362000794217,0.00169208376565977
"VT-OR",1.9343876251146,0.712104754816902,3.15667049541229,3.39362606571747e-07
"WA-OR",0.587503370683024,-0.0670099456506237,1.24201668701667,0.183381566429823
"WV-OR",-3.39689166518879,-4.25136567471609,-2.54241765566149,0
"WY-OR",1.07311885998182,-0.370518141120586,2.51675586108422,0.654219168457003
"RI-PA",1.0244508636782,0.0123895750761918,2.0365121522802,0.0419357249849067
"SC-PA",-1.49755569680465,-2.02658407612441,-0.968527317484899,7.61612994892857e-14
"SD-PA",1.72674281514747,0.681388381451498,2.77209724884345,5.53729654351187e-08
"TN-PA",-2.53049154967712,-3.00797536388523,-2.05300773546901,0
"TX-PA",-0.1968331327718,-0.5363391405726,0.142672875028999,0.982602494929051
"UT-PA",1.30560091698382,0.620969704208906,1.99023212975874,3.62974095224899e-11
"VA-PA",0.265861663610295,-0.179148529868713,0.710871857089303,0.971612441638165
"VT-PA",2.96146872082166,1.82502648341206,4.09791095823125,4.27324842178223e-13
"WA-PA",1.61458446639008,1.13928116827042,2.08988776450975,0
"WV-PA",-2.36981056948173,-3.0962067264808,-1.64341441248266,0
"WY-PA",2.10019995568888,0.728480839070135,3.47191907230762,1.24470772122631e-06
"SC-RI",-2.52200656048285,-3.60108461761983,-1.44292850334587,4.98823204964083e-13
"SD-RI",0.702291951469277,-0.703874581810712,2.10845848474927,0.999096455624941
"TN-RI",-3.55494241335532,-4.60970742040644,-2.5001774063042,0
"TX-RI",-1.22128399645,-2.22118536988723,-0.221382623012765,0.00118594685022355
"UT-RI",0.281150053305623,-0.882146265254045,1.44444637186529,1
"VA-RI",-0.758589200067902,-1.79905664288822,0.281878242752415,0.702156245718814
"VT-RI",1.93701785714346,0.461877393920597,3.41215832036632,0.000185935622027511
"WA-RI",0.590133602711887,-0.463646095551588,1.64391330097536,0.990546371990036
"WV-RI",-3.39426143315993,-4.58261735802917,-2.20590550829068,0
"WY-RI",1.07574909201068,-0.587426112880894,2.73892429690226,0.912813756026123
"SD-SC",3.22429851195213,2.11393492575363,4.33466209815063,0
"TN-SC",-1.03293585287247,-1.63967483657014,-0.426196869174795,1.40168229245674e-08
"TX-SC",1.30072256403285,0.795345743392454,1.80609938467325,3.98792110445356e-13
"UT-SC",2.80315661378847,2.02286096532348,3.58345226225347,0
"VA-SC",1.76341736041495,1.18188879378388,2.34494592704602,0
"VT-SC",4.45902441762631,3.26251183496105,5.65553700029157,0
"WA-SC",3.11214016319474,2.5071156788049,3.71716464758458,0
"WV-SC",-0.872254872677075,-1.6894407624297,-0.0550689829244554,0.0180857136548735
"WY-SC",3.59775565249353,2.17587143202934,5.01963987295773,5.3534954247425e-13
"TN-SD",-4.2572343648246,-5.3439850539252,-3.17048367572399,0
"TX-SD",-1.92357594791928,-2.95716222722195,-0.889989668616599,1.45823575437021e-10
"UT-SD",-0.421141898163654,-1.61351606969521,0.771232273367901,0.99999995291938
"VA-SD",-1.46088115153718,-2.53376061342008,-0.388001689654282,6.54701074714881e-05
"VT-SD",1.23472590567418,-0.263452063192816,2.73290387454118,0.376272118180462
"WA-SD",-0.11215834875739,-1.19795275500258,0.9736360574878,1
"WV-SD",-4.0965533846292,-5.31338847794832,-2.87971829131009,0
"WY-SD",0.373457140541404,-1.31018462727241,2.05709890835522,1
"TX-TN",2.33365841690532,1.88252041413274,2.78479641967791,0
"UT-TN",3.83609246666094,3.08978082550931,4.58240410781258,0
"VA-TN",2.79635321328742,2.26128757197504,3.3314188545998,0
"VT-TN",5.49196027049878,4.31732750781023,6.66659303318733,0
"WA-TN",4.14507601606721,3.58456339942398,4.70558863271043,0
"WV-TN",0.160680980195394,-0.624119978720827,0.945481939111616,1
"WY-TN",4.630691505366,3.22716932773214,6.03421368299987,0
"UT-TX",1.50243404975562,0.835909779964518,2.16895831954672,3.30624416733372e-13
"VA-TX",0.462694796382095,0.0460789337278555,0.879310659036335,0.0088797714273573
"VT-TX",3.15830185359346,2.0326750665617,4.28392864062522,1.30562227695918e-13
"WA-TX",1.81141759916189,1.36258808819102,2.26024711013275,0
"WV-TX",-2.17297743670993,-2.88233354024181,-1.46362133317805,0
"WY-TX",2.29703308846068,0.934260899277095,3.65980527764426,2.22632167146131e-08
"VA-UT",-1.03973925337353,-1.76570367756245,-0.313774829184606,1.33292881184799e-05
"VT-UT",1.65586780383784,0.382882638230531,2.92885296944514,0.000240758758168536
"WA-UT",0.308983549406264,-0.435934901225185,1.05390200003771,0.999992713453286
"WV-UT",-3.67541148646555,-4.60096086374952,-2.74986210918158,0
"WY-UT",0.794599038705059,-0.692210837434132,2.28140891484425,0.996148846295904
"VT-VA",2.69560705721136,1.53379579601149,3.85741831841123,5.37347943918576e-13
"WA-VA",1.34872280277979,0.815602110172822,1.88184349538676,5.36237720893951e-13
"WV-VA",-2.63567223309202,-3.40114974718719,-1.87019471899685,0
"WY-VA",1.83433829207858,0.44152897900676,3.22714760515041,0.000171251128333272
"WA-VT",-1.34688425443157,-2.52063233624216,-0.173136172620981,0.00467581821741314
"WV-VT",-5.33127929030339,-6.62720471688226,-4.03535386372451,0
"WY-VT",-0.861268765132778,-2.60293023317067,0.880392702905118,0.999279763413498
"WV-WA",-3.98439503587181,-4.76787124960681,-3.20091882213682,0
"WY-WA",0.485615489298795,-0.917166366686953,1.88839734528454,0.999999976098756
"WY-WV",4.47001052517061,2.9635129024767,5.97650814786452,0
